Date,Open,High,Low,Close,Adj Close,Volume
2012-12-28,200.0,200.0,188.6999969482422,191.1999969482422,160.05540466308594,14942450
2012-12-31,184.89999389648438,195.35000610351562,184.89999389648438,192.85000610351562,161.4366455078125,1604267
2013-01-01,193.3000030517578,199.8000030517578,192.85000610351562,197.6999969482422,165.4966278076172,714744
2013-01-02,198.5,204.3000030517578,196.6999969482422,201.0,168.25909423828125,1867889
2013-01-03,201.1999969482422,206.39999389648438,201.1999969482422,204.3000030517578,171.0215606689453,973991
2013-01-04,205.0,210.0,203.10000610351562,207.10000610351562,173.36546325683594,826205
2013-01-07,208.5,209.35000610351562,206.0500030517578,207.39999389648438,173.61659240722656,695315
2013-01-08,207.60000610351562,211.0,201.8000030517578,203.1999969482422,170.1007537841797,534512
2013-01-09,204.39999389648438,207.85000610351562,203.5,204.9499969482422,171.56568908691406,696783
2013-01-10,206.0,207.6999969482422,203.4499969482422,205.0500030517578,171.64938354492188,241856
2013-01-11,206.0,206.35000610351562,203.5,205.64999389648438,172.15164184570312,117980
2013-01-14,205.3000030517578,208.0,203.0,207.35000610351562,173.5747528076172,63485
2013-01-15,208.5,208.5,203.64999389648438,205.14999389648438,171.73309326171875,57667
2013-01-16,206.8000030517578,210.0,202.1999969482422,203.8000030517578,170.60299682617188,100228
2013-01-17,205.0,207.5,204.14999389648438,204.64999389648438,171.31454467773438,172114
2013-01-18,205.85000610351562,206.3000030517578,204.1999969482422,205.0,171.6075439453125,92359
2013-01-21,206.14999389648438,206.14999389648438,204.5500030517578,205.14999389648438,171.73309326171875,33010
2013-01-22,204.60000610351562,206.35000610351562,204.0,205.0500030517578,171.64938354492188,83185
2013-01-23,204.5,205.0,203.3000030517578,204.5,171.18898010253906,69762
2013-01-24,204.64999389648438,210.0,204.3000030517578,206.4499969482422,172.8213653564453,188241
2013-01-25,206.64999389648438,208.3000030517578,204.39999389648438,207.0,173.28173828125,37150
2013-01-28,208.89999389648438,209.9499969482422,208.14999389648438,208.8000030517578,174.78857421875,44018
2013-01-29,211.60000610351562,215.5,209.60000610351562,212.60000610351562,177.96957397460938,223324
2013-01-30,212.3000030517578,212.3000030517578,208.0,209.9499969482422,175.75123596191406,38413
2013-01-31,210.75,210.85000610351562,201.1999969482422,204.60000610351562,171.27268981933594,67813
2013-02-01,209.0,210.8000030517578,203.89999389648438,206.0500030517578,172.4864959716797,60315
2013-02-04,208.85000610351562,210.89999389648438,206.0,209.60000610351562,175.45823669433594,48240
2013-02-05,208.1999969482422,211.5,207.8000030517578,209.75,175.58380126953125,38532
2013-02-06,209.9499969482422,210.9499969482422,209.10000610351562,209.89999389648438,175.7093505859375,15182
2013-02-07,209.5,210.0,206.3000030517578,206.9499969482422,173.23989868164062,8728
2013-02-08,207.14999389648438,208.3000030517578,204.64999389648438,205.89999389648438,172.36094665527344,9483
2013-02-11,203.5500030517578,208.0,202.14999389648438,203.10000610351562,170.01702880859375,10955
2013-02-12,203.9499969482422,204.3000030517578,195.0,197.60000610351562,165.41293334960938,41565
2013-02-13,192.14999389648438,200.0,192.14999389648438,194.4499969482422,162.77601623535156,14584
2013-02-14,192.64999389648438,195.39999389648438,192.0,192.6999969482422,161.3110809326172,10720
2013-02-15,190.0500030517578,191.5500030517578,181.8000030517578,188.4499969482422,157.75335693359375,993029
2013-02-18,190.0500030517578,192.75,186.9499969482422,191.39999389648438,160.2228546142578,66208
2013-02-19,186.64999389648438,193.4499969482422,186.64999389648438,191.0,159.88800048828125,13055
2013-02-20,189.0500030517578,196.8000030517578,189.0500030517578,195.6999969482422,163.82241821289062,71444
2013-02-21,196.9499969482422,196.9499969482422,194.0,194.60000610351562,162.90159606933594,196522
2013-02-22,199.8000030517578,199.8000030517578,188.60000610351562,192.5,161.14364624023438,37192
2013-02-25,190.10000610351562,195.0,189.10000610351562,193.0,161.56219482421875,767585
2013-02-26,191.60000610351562,193.0500030517578,189.6999969482422,192.10000610351562,160.80882263183594,9713
2013-02-27,193.0,194.0,175.5,184.64999389648438,154.57235717773438,329895
2013-02-28,186.4499969482422,194.6999969482422,186.0,191.85000610351562,160.5995330810547,305187
2013-03-01,189.14999389648438,194.5,188.0,191.1999969482422,160.05540466308594,49182
2013-03-04,191.0,192.85000610351562,190.0,191.89999389648438,160.64138793945312,16112
2013-03-05,193.0500030517578,196.0500030517578,191.39999389648438,194.64999389648438,162.9434356689453,21219
2013-03-06,196.9499969482422,197.5500030517578,194.0,197.0,164.91065979003906,97971
2013-03-07,197.5,197.5,193.0,195.85000610351562,163.947998046875,127785
2013-03-08,196.0,196.1999969482422,192.0,193.8000030517578,162.23190307617188,69598
2013-03-11,193.25,193.9499969482422,189.9499969482422,192.5500030517578,161.18551635742188,4720
2013-03-12,192.0,193.0,189.5500030517578,190.0,159.05088806152344,46445
2013-03-13,190.1999969482422,191.5500030517578,187.1999969482422,189.85000610351562,158.92532348632812,41675
2013-03-14,190.0,190.5,187.14999389648438,189.8000030517578,158.8834686279297,235218
2013-03-15,186.89999389648438,188.75,183.0,185.10000610351562,154.94903564453125,22654
2013-03-18,184.5500030517578,184.5500030517578,179.5,182.60000610351562,152.85626220703125,19193
2013-03-19,182.5500030517578,184.6999969482422,180.14999389648438,182.35000610351562,152.64698791503906,47170
2013-03-20,181.8000030517578,184.0,176.39999389648438,180.25,150.88906860351562,50152
2013-03-21,180.5,180.5,172.1999969482422,173.10000610351562,144.9037322998047,93129
2013-03-22,174.0,174.4499969482422,167.0,173.10000610351562,144.9037322998047,24221
2013-03-25,174.10000610351562,174.64999389648438,167.10000610351562,170.5500030517578,142.76910400390625,104495
2013-03-26,170.0500030517578,171.0,166.89999389648438,169.89999389648438,142.2249755859375,72674
2013-03-28,165.0,181.35000610351562,163.0,176.9499969482422,148.1265869140625,12231
2013-04-01,178.9499969482422,184.0,177.25,182.75,152.98182678222656,32664
2013-04-02,181.3000030517578,186.0,178.0,184.9499969482422,154.82347106933594,9501
2013-04-03,185.0,185.60000610351562,181.0,182.85000610351562,153.06556701660156,15194
2013-04-04,180.0,190.0,179.0,183.14999389648438,153.31668090820312,145931
2013-04-05,180.0,181.8000030517578,179.75,180.6999969482422,151.26576232910156,28443
2013-04-08,185.0500030517578,185.0500030517578,176.0,177.0500030517578,148.21031188964844,3120
2013-04-09,177.0,179.0,175.10000610351562,175.89999389648438,147.24765014648438,35881
2013-04-10,176.89999389648438,178.8000030517578,171.60000610351562,178.1999969482422,149.1729736328125,202891
2013-04-11,177.5,177.89999389648438,175.0,176.4499969482422,147.70803833007812,4645
2013-04-12,175.0,175.0,169.5,171.0,143.1457977294922,13095
2013-04-15,172.0,175.0,161.0,165.60000610351562,138.6254119873047,43549
2013-04-16,165.0500030517578,166.5,160.14999389648438,163.5,136.8674774169922,9833
2013-04-17,165.8000030517578,171.0,165.0,168.1999969482422,140.80189514160156,11775
2013-04-18,163.3000030517578,171.39999389648438,163.3000030517578,169.64999389648438,142.01568603515625,8354
2013-04-22,169.8000030517578,182.1999969482422,168.89999389648438,179.39999389648438,150.17752075195312,69950
2013-04-23,177.5,180.0,172.10000610351562,174.5,146.07566833496094,5914
2013-04-25,177.9499969482422,178.0,173.3000030517578,174.85000610351562,146.36866760253906,3545
2013-04-26,177.89999389648438,181.0,177.5,178.60000610351562,149.50784301757812,106287
2013-04-29,178.60000610351562,183.0,176.14999389648438,178.89999389648438,149.75897216796875,35244
2013-04-30,180.0,182.9499969482422,175.3000030517578,177.25,148.3777313232422,136199
2013-05-02,177.0,177.25,174.5,175.8000030517578,147.16392517089844,30400
2013-05-03,177.0,178.0500030517578,175.0500030517578,175.8000030517578,147.16392517089844,5342
2013-05-06,175.85000610351562,178.89999389648438,172.5,173.9499969482422,145.61526489257812,8499
2013-05-07,176.0,176.8000030517578,173.10000610351562,175.3000030517578,146.745361328125,5787
2013-05-08,176.0,177.5,176.0,176.35000610351562,147.6243438720703,8054
2013-05-09,176.10000610351562,178.75,176.10000610351562,176.89999389648438,148.08474731445312,11398
2013-05-10,178.0,178.5,175.0,175.6999969482422,147.08021545410156,4704
2013-05-13,179.0,179.0,172.14999389648438,173.25,145.029296875,2139
2013-05-14,176.1999969482422,176.35000610351562,172.14999389648438,175.39999389648438,146.82907104492188,3736
2013-05-15,175.35000610351562,176.25,173.35000610351562,175.14999389648438,146.6197967529297,3227
2013-05-16,175.85000610351562,176.89999389648438,174.39999389648438,174.9499969482422,146.45236206054688,2130
2013-05-17,174.8000030517578,176.0,173.5500030517578,174.14999389648438,145.78268432617188,5052
2013-05-20,174.6999969482422,175.5,173.14999389648438,174.0500030517578,145.698974609375,1503
2013-05-21,175.1999969482422,177.0,172.25,174.14999389648438,145.78268432617188,7066
2013-05-22,174.89999389648438,175.0,171.14999389648438,171.75,143.77362060546875,2517
2013-05-23,172.89999389648438,172.89999389648438,169.0,169.39999389648438,141.80642700195312,2856
2013-05-24,171.39999389648438,174.75,171.0500030517578,173.75,145.44784545898438,8926
2013-05-27,173.60000610351562,176.0,167.0,171.9499969482422,143.9410400390625,4535
2013-05-28,172.6999969482422,175.0,171.25,171.9499969482422,143.9410400390625,3353
2013-05-29,169.0,173.0,168.1999969482422,170.0,142.30868530273438,7527
2013-05-30,170.0,170.25,168.3000030517578,168.5500030517578,141.0948944091797,3377
2013-05-31,171.0,174.8000030517578,169.35000610351562,170.4499969482422,142.6853790283203,7567
2013-06-03,170.5,171.5,168.35000610351562,168.6999969482422,141.22044372558594,2143
2013-06-04,170.0,172.1999969482422,169.10000610351562,169.9499969482422,142.26683044433594,2473
2013-06-05,170.0,170.0,167.5500030517578,168.4499969482422,141.0111541748047,6624
2013-06-06,166.0,168.89999389648438,165.0,167.60000610351562,140.2996368408203,1752
2013-06-07,167.39999389648438,167.75,163.60000610351562,164.5,137.70458984375,4396
2013-06-10,165.0,166.1999969482422,160.0500030517578,161.39999389648438,135.10952758789062,5185
2013-06-11,161.0,161.5500030517578,154.0,155.5500030517578,130.2124481201172,4581
2013-06-12,162.0,162.0,148.9499969482422,150.4499969482422,125.94319152832031,5191
2013-06-13,150.0,155.0,149.14999389648438,153.3000030517578,128.32896423339844,2505
2013-06-14,154.4499969482422,155.0,151.10000610351562,154.0500030517578,128.956787109375,2992
2013-06-17,155.0,159.0,151.0,153.3000030517578,128.32896423339844,12322
2013-06-18,148.0,153.25,148.0,150.9499969482422,126.36174011230469,6796
2013-06-19,151.1999969482422,156.0,150.6999969482422,154.25,129.12420654296875,6977
2013-06-20,152.1999969482422,152.1999969482422,140.9499969482422,145.1999969482422,123.95924377441406,684645
2013-06-21,145.35000610351562,149.5500030517578,142.0,147.64999389648438,126.05082702636719,4392
2013-06-24,149.0,150.3000030517578,145.10000610351562,146.85000610351562,125.36787414550781,7309
2013-06-25,146.64999389648438,147.4499969482422,140.5,142.5500030517578,121.69689178466797,15065
2013-06-26,143.39999389648438,144.0,140.0,142.60000610351562,121.73959350585938,5822
2013-06-27,140.0,151.9499969482422,140.0,150.25,128.2705078125,15344
2013-06-28,146.25,153.6999969482422,146.25,152.0,129.76449584960938,395528
2013-07-01,152.1999969482422,154.5,150.0,153.64999389648438,131.17311096191406,10921
2013-07-02,153.0,153.5500030517578,149.0,151.89999389648438,129.67910766601562,97588
2013-07-03,154.0,157.5,149.0,153.64999389648438,131.17311096191406,45111
2013-07-04,155.89999389648438,155.89999389648438,152.75,153.89999389648438,131.38653564453125,73156
2013-07-05,155.1999969482422,155.5,150.0500030517578,151.5,129.33763122558594,38657
2013-07-08,152.0,152.0,146.60000610351562,150.6999969482422,128.6546630859375,2697
2013-07-09,151.6999969482422,152.0,150.3000030517578,151.10000610351562,128.99615478515625,302363
2013-07-10,151.75,152.4499969482422,150.0,150.6999969482422,128.6546630859375,1787
2013-07-11,154.89999389648438,155.85000610351562,152.8000030517578,155.10000610351562,132.4110107421875,7101
2013-07-12,155.0,157.25,153.60000610351562,156.3000030517578,133.4354705810547,4322
2013-07-15,156.6999969482422,160.0,155.14999389648438,155.5,132.7524871826172,5739
2013-07-16,151.14999389648438,155.0,150.3000030517578,153.89999389648438,131.38653564453125,4799
2013-07-17,157.0,157.0,153.5,154.5500030517578,131.9414520263672,3159
2013-07-18,154.39999389648438,158.0,153.0,154.9499969482422,132.28294372558594,3185
2013-07-19,154.89999389648438,155.35000610351562,151.1999969482422,152.35000610351562,130.0632781982422,2546
2013-07-22,152.75,154.5,151.0,152.10000610351562,129.849853515625,2288
2013-07-23,154.14999389648438,154.14999389648438,150.0,150.35000610351562,128.35586547851562,5891
2013-07-24,148.0500030517578,152.0,145.8000030517578,149.85000610351562,127.92900848388672,5376
2013-07-25,148.0,151.8000030517578,148.0,148.9499969482422,127.16065216064453,28533
2013-07-26,150.0,150.0,147.0,148.60000610351562,126.86186981201172,2658
2013-07-29,150.0,153.0,142.0,145.0500030517578,123.83118438720703,136109
2013-07-30,148.35000610351562,151.89999389648438,145.0,149.14999389648438,127.3313980102539,17596
2013-07-31,150.6999969482422,150.6999969482422,142.5,147.39999389648438,125.83740997314453,5917
2013-08-01,151.0,151.0,146.0500030517578,148.3000030517578,126.60575866699219,10573
2013-08-02,150.0,151.0,146.5,147.5500030517578,125.9654541015625,5376
2013-08-05,148.60000610351562,151.0,143.0,149.9499969482422,128.01437377929688,5045
2013-08-06,147.6999969482422,150.0,145.0,146.60000610351562,125.1544418334961,12193
2013-08-07,150.0,150.0,144.4499969482422,147.89999389648438,126.26426696777344,8883
2013-08-08,149.0,149.6999969482422,147.0,148.5500030517578,126.81918334960938,2942
2013-08-12,148.0,149.5,147.1999969482422,148.39999389648438,126.69110870361328,1680
2013-08-13,148.3000030517578,151.0,147.3000030517578,149.5500030517578,127.67288208007812,1292
2013-08-14,149.89999389648438,150.5500030517578,147.39999389648438,149.3000030517578,127.45946502685547,8582
2013-08-16,148.3000030517578,149.5,147.0,148.64999389648438,126.90455627441406,1695
2013-08-19,148.0,149.4499969482422,147.0,148.5,126.77649688720703,524101
2013-08-20,146.89999389648438,148.39999389648438,145.14999389648438,145.5,124.2153549194336,2404
2013-08-21,146.0,146.0,133.0,136.85000610351562,116.83072662353516,16096
2013-08-22,136.89999389648438,141.0,135.5,139.9499969482422,119.47723388671875,8459
2013-08-23,141.0,141.0,136.14999389648438,136.9499969482422,116.91609954833984,2472
2013-08-26,138.85000610351562,138.85000610351562,129.0,132.35000610351562,112.98902130126953,12954
2013-08-27,134.0,136.0,127.5999984741211,130.0500030517578,111.02547454833984,13085
2013-08-28,129.0,138.0,126.05000305175781,133.1999969482422,113.71467590332031,8156
2013-08-29,137.0,137.0,133.0,134.25,114.61106872558594,4386
2013-08-30,133.0,144.0,133.0,138.9499969482422,118.62351989746094,9804
2013-09-02,135.1999969482422,139.0,134.0,136.14999389648438,116.23311614990234,4581
2013-09-03,134.0,138.5,134.0,137.5,117.38563537597656,8149
2013-09-04,137.10000610351562,139.5,137.10000610351562,138.35000610351562,118.11129760742188,1769
2013-09-05,139.4499969482422,142.0,139.4499969482422,140.89999389648438,120.28826141357422,2771
2013-09-06,146.14999389648438,148.85000610351562,144.5,144.89999389648438,123.70313262939453,11574
2013-09-10,148.0,149.0,144.89999389648438,147.5,125.92278289794922,3457
2013-09-11,146.5,156.0,145.0,153.25,130.8316192626953,7829
2013-09-12,157.39999389648438,158.89999389648438,151.10000610351562,155.14999389648438,132.45367431640625,8469
2013-09-13,155.5,157.39999389648438,155.5,156.1999969482422,133.35009765625,712
2013-09-16,157.0,157.89999389648438,152.0,156.39999389648438,133.5208282470703,5273
2013-09-17,152.75,159.64999389648438,152.75,157.3000030517578,134.2891845703125,3855
2013-09-18,158.0,160.0,157.60000610351562,159.0,135.740478515625,2758
2013-09-19,160.25,170.0,160.25,165.14999389648438,140.99081420898438,859828
2013-09-20,164.8000030517578,165.64999389648438,158.35000610351562,162.85000610351562,139.02728271484375,1548195
2013-09-23,160.4499969482422,160.4499969482422,157.10000610351562,159.0,135.740478515625,2915
2013-09-24,159.5,160.6999969482422,158.0,158.89999389648438,135.6551055908203,1020
2013-09-25,160.1999969482422,161.0,159.0,160.0,136.59420776367188,3121
2013-09-26,160.0,160.5,157.5,158.85000610351562,135.6124267578125,314165
2013-09-27,161.0500030517578,161.9499969482422,158.1999969482422,159.4499969482422,136.12464904785156,302368
2013-09-30,159.0,159.39999389648438,156.0,156.0,133.17933654785156,1596
2013-10-01,156.39999389648438,159.0,151.5,153.1999969482422,130.7889404296875,1667
2013-10-03,151.60000610351562,157.0,151.60000610351562,155.0,132.32562255859375,3537
2013-10-04,154.0,158.9499969482422,154.0,157.64999389648438,134.5879669189453,4187
2013-10-07,160.0,160.0,155.10000610351562,159.14999389648438,135.8685302734375,66621
2013-10-08,159.0,159.0,154.0,155.64999389648438,132.8805389404297,125030
2013-10-09,153.10000610351562,160.0,153.10000610351562,157.85000610351562,134.75872802734375,1758
2013-10-10,157.3000030517578,159.64999389648438,157.1999969482422,157.75,134.67335510253906,1249
2013-10-11,159.60000610351562,159.6999969482422,158.0,158.5500030517578,135.35630798339844,3160
2013-10-14,156.60000610351562,161.5,156.60000610351562,159.85000610351562,136.46615600585938,9722
2013-10-15,161.89999389648438,161.89999389648438,158.5,158.9499969482422,135.6977996826172,1086
2013-10-17,160.0,160.10000610351562,158.0,159.75,136.38076782226562,37954
2013-10-18,160.0,160.25,159.0,160.0,136.59420776367188,5098
2013-10-21,158.75,166.6999969482422,158.75,163.8000030517578,139.83831787109375,5925
2013-10-22,163.0,166.8000030517578,160.10000610351562,160.6999969482422,137.19180297851562,1701
2013-10-23,161.0,162.60000610351562,158.64999389648438,160.10000610351562,136.67958068847656,2657
2013-10-24,159.3000030517578,161.0,157.0500030517578,158.10000610351562,134.97213745117188,1478
2013-10-25,160.89999389648438,160.89999389648438,156.0,156.5,133.606201171875,320
2013-10-28,156.5,156.5,150.14999389648438,154.14999389648438,131.59996032714844,19519
2013-10-29,154.0,154.0,149.0,150.85000610351562,128.78273010253906,147877
2013-10-30,157.0,157.0,151.25,152.8000030517578,130.4474639892578,5714
2013-10-31,155.0,166.0,153.0,163.89999389648438,139.92367553710938,19923
2013-11-01,163.3000030517578,165.0,160.25,161.60000610351562,137.96014404296875,4054
2013-11-05,158.25,166.89999389648438,156.5,159.4499969482422,136.12464904785156,4715
2013-11-06,162.5,169.0,159.0,166.3000030517578,141.9726104736328,16501
2013-11-07,166.89999389648438,168.85000610351562,165.0,167.5500030517578,143.03973388671875,6402
2013-11-08,169.0,171.5,165.0,166.25,141.92991638183594,15991
2013-11-11,166.0,166.0,158.5,159.85000610351562,136.46615600585938,4019
2013-11-12,160.0,162.39999389648438,154.0,154.25,131.68536376953125,3726
2013-11-13,154.25,158.10000610351562,152.1999969482422,154.5,131.89878845214844,2385
2013-11-14,158.5,158.60000610351562,154.5,158.14999389648438,135.01483154296875,1750
2013-11-18,159.0,161.0,155.0,157.6999969482422,134.63064575195312,2834
2013-11-19,154.0500030517578,162.0500030517578,154.0500030517578,155.64999389648438,132.8805389404297,2808
2013-11-20,158.5,159.10000610351562,155.64999389648438,157.9499969482422,134.8440704345703,1191
2013-11-21,158.0,159.3000030517578,156.8000030517578,157.0500030517578,134.0757598876953,2012
2013-11-22,159.0,160.0,157.25,157.4499969482422,134.41722106933594,983
2013-11-25,160.0,163.0,157.0,160.4499969482422,136.97836303710938,2013
2013-11-26,160.0,162.85000610351562,158.10000610351562,159.5,136.16734313964844,1392
2013-11-27,161.89999389648438,161.89999389648438,157.0,158.0500030517578,134.92945861816406,384463
2013-11-28,158.0,160.0,155.1999969482422,155.89999389648438,133.09396362304688,2238
2013-11-29,157.6999969482422,158.0,156.0,156.60000610351562,133.69158935546875,1090
2013-12-02,158.0,159.6999969482422,156.0,156.5,133.606201171875,2713
2013-12-03,160.8000030517578,161.0,155.5500030517578,159.35000610351562,136.03927612304688,1756
2013-12-04,160.3000030517578,170.0,160.0,163.39999389648438,139.496826171875,12194
2013-12-05,165.0,166.5,163.0,165.4499969482422,141.2469482421875,33606
2013-12-06,163.5,179.0,156.8000030517578,169.25,144.49105834960938,65396
2013-12-09,171.5,178.9499969482422,171.5,176.39999389648438,150.59510803222656,12872
2013-12-10,176.0,181.3000030517578,176.0,178.14999389648438,152.08909606933594,14115
2013-12-11,180.10000610351562,190.0,180.10000610351562,184.89999389648438,157.85166931152344,152188
2013-12-12,185.0,185.0,176.60000610351562,179.0,152.81475830078125,67408
2013-12-13,176.39999389648438,179.3000030517578,171.0,173.0500030517578,147.73516845703125,2297
2013-12-16,170.0,175.0,170.0,173.75,148.33274841308594,2075
2013-12-17,175.0,176.89999389648438,174.0,175.0500030517578,149.44259643554688,2358
2013-12-18,175.5,176.25,175.0,175.0500030517578,149.44259643554688,3131
2013-12-19,177.0,179.0,175.5,176.89999389648438,151.02195739746094,5344
2013-12-20,171.10000610351562,177.85000610351562,171.0,175.85000610351562,150.12557983398438,26987
2013-12-23,178.0,178.0,168.0,170.89999389648438,145.89967346191406,39343
2013-12-24,173.0,173.5,167.0500030517578,168.75,144.06419372558594,22972
2013-12-26,168.75,172.5,167.1999969482422,169.0,144.2776336669922,7613
2013-12-27,170.0,170.0,165.0,168.39999389648438,143.765380859375,11639
2013-12-30,170.39999389648438,170.39999389648438,168.25,169.4499969482422,144.6617889404297,4286
2013-12-31,169.85000610351562,169.85000610351562,167.0,168.0,143.4239044189453,3493
2014-01-01,170.5500030517578,170.5500030517578,168.0,169.60000610351562,144.78985595703125,3213
2014-01-02,175.0,175.0,168.0500030517578,169.6999969482422,144.87522888183594,5776
2014-01-03,165.0,176.5,165.0,174.5500030517578,149.01573181152344,223197
2014-01-06,173.0,178.0,171.85000610351562,175.64999389648438,149.95480346679688,29864
2014-01-07,176.5,180.0,173.14999389648438,174.5,148.97303771972656,5277
2014-01-08,175.0,178.0,175.0,177.25,151.32077026367188,2647
2014-01-09,177.89999389648438,178.85000610351562,175.0,177.5,151.53421020507812,3439
2014-01-10,173.0,178.5,173.0,178.0,151.96104431152344,704155
2014-01-13,174.0,179.0,174.0,175.60000610351562,149.91213989257812,702184
2014-01-14,177.39999389648438,177.39999389648438,173.35000610351562,174.25,148.75961303710938,3563
2014-01-15,173.35000610351562,176.89999389648438,173.35000610351562,174.75,149.1864776611328,3353
2014-01-16,175.0,175.0,170.0500030517578,171.25,146.19847106933594,697835
2014-01-17,170.60000610351562,173.39999389648438,165.1999969482422,169.10000610351562,144.36300659179688,4417
2014-01-20,170.0,170.0,166.0,167.3000030517578,142.82630920410156,5291
2014-01-21,166.1999969482422,168.8000030517578,165.39999389648438,166.4499969482422,142.10064697265625,1901
2014-01-22,167.75,169.0,164.10000610351562,165.0500030517578,140.9054412841797,1420
2014-01-23,165.10000610351562,171.89999389648438,164.85000610351562,167.89999389648438,143.33853149414062,90616
2014-01-24,170.85000610351562,175.5500030517578,170.5,174.10000610351562,148.63156127929688,35658
2014-01-27,174.0,176.25,167.0,169.39999389648438,144.61911010742188,35550
2014-01-28,168.4499969482422,173.5,168.4499969482422,170.9499969482422,145.94235229492188,14640
2014-01-29,174.0,177.5,172.0,173.4499969482422,148.07662963867188,9575
2014-01-30,174.0,174.0,170.0,172.3000030517578,147.09486389160156,4634
2014-01-31,173.0,173.0,170.1999969482422,171.8000030517578,146.66802978515625,1592
2014-02-03,171.0,171.4499969482422,165.0,165.5500030517578,141.33230590820312,9733
2014-02-04,164.0,167.9499969482422,164.0,165.3000030517578,141.11888122558594,5337
2014-02-05,165.14999389648438,169.8000030517578,164.89999389648438,166.6999969482422,142.3140869140625,3339
2014-02-06,165.5,173.35000610351562,165.5,169.5500030517578,144.74717712402344,15110
2014-02-07,170.35000610351562,173.3000030517578,166.25,169.14999389648438,144.4056854248047,9988
2014-02-10,169.0,169.0,164.5500030517578,165.35000610351562,141.1615753173828,5811
2014-02-11,167.75,169.25,166.8000030517578,167.5500030517578,143.03973388671875,2268
2014-02-12,168.0,169.0,167.1999969482422,168.0,143.4239044189453,16112
2014-02-13,167.9499969482422,168.8000030517578,164.60000610351562,168.35000610351562,143.72271728515625,5292
2014-02-14,169.25,174.0,168.0,172.0,146.83876037597656,132405
2014-02-17,176.0,176.0,161.10000610351562,168.5500030517578,143.89346313476562,105536
2014-02-18,171.0,171.75,168.89999389648438,169.85000610351562,145.00328063964844,6924
2014-02-19,170.0,172.35000610351562,169.64999389648438,170.85000610351562,145.8569793701172,5310
2014-02-20,170.0,171.39999389648438,169.0,170.0500030517578,145.1740264892578,7107
2014-02-21,169.60000610351562,173.6999969482422,168.35000610351562,172.0500030517578,146.88145446777344,4784
2014-02-24,171.10000610351562,173.0,169.0500030517578,170.25,145.3447723388672,1103344
2014-02-25,172.6999969482422,172.6999969482422,170.0500030517578,171.39999389648438,146.32652282714844,2262029
2014-02-26,171.0,174.5,169.5,173.0,147.69247436523438,19389
2014-02-28,171.0,181.5,171.0,180.1999969482422,153.83921813964844,3044646
2014-03-03,179.0,192.35000610351562,179.0,186.75,159.43104553222656,54986
2014-03-04,188.0,192.5,185.60000610351562,191.39999389648438,163.40081787109375,20469
2014-03-05,196.5500030517578,214.0,196.5500030517578,199.9499969482422,170.7000732421875,242379
2014-03-06,202.89999389648438,208.0,202.75,206.8000030517578,176.54800415039062,85067
2014-03-07,208.0,214.6999969482422,201.89999389648438,204.5500030517578,174.6271514892578,74637
2014-03-10,201.0,212.0,201.0,211.3000030517578,180.38970947265625,68843
2014-03-11,211.89999389648438,212.0,205.25,210.25,179.49331665039062,36735
2014-03-12,208.6999969482422,208.6999969482422,201.0,203.25,173.51730346679688,15892
2014-03-13,203.1999969482422,205.8000030517578,195.89999389648438,198.89999389648438,169.8036651611328,16885
2014-03-14,197.0,202.0,193.3000030517578,195.3000030517578,166.73028564453125,8180
2014-03-18,193.10000610351562,202.0,193.0,199.5500030517578,170.35858154296875,15140
2014-03-19,199.0,201.0,197.5,199.75,170.52931213378906,4674
2014-03-20,199.1999969482422,199.1999969482422,195.1999969482422,196.64999389648438,167.88279724121094,8531
2014-03-21,197.6999969482422,199.64999389648438,191.5,197.4499969482422,168.56578063964844,34458
2014-03-24,199.0,200.3000030517578,197.0,197.64999389648438,168.73651123046875,6670
2014-03-25,195.5,201.0500030517578,190.60000610351562,200.0,170.74273681640625,98580
2014-03-26,200.0,208.0,199.0500030517578,205.0,175.01133728027344,30972
2014-03-27,207.0,210.85000610351562,204.60000610351562,210.0,179.27989196777344,1266188
2014-03-28,209.10000610351562,209.5,203.0,203.3000030517578,173.5600128173828,145012
2014-03-31,203.0,210.0,202.0500030517578,203.64999389648438,173.8588104248047,7863
2014-04-01,203.64999389648438,205.0,201.60000610351562,203.8000030517578,173.9868621826172,40419
2014-04-02,203.10000610351562,204.5,200.39999389648438,202.0,172.45016479492188,4288
2014-04-03,196.0,203.6999969482422,196.0,198.39999389648438,169.37680053710938,6483
2014-04-04,199.60000610351562,200.5,198.25,199.6999969482422,170.4866485595703,7443
2014-04-07,198.89999389648438,201.5,197.0500030517578,199.3000030517578,170.14515686035156,2648
2014-04-09,197.0,200.0,195.64999389648438,196.3000030517578,167.58401489257812,4156
2014-04-10,200.0,200.0,194.25,195.39999389648438,166.815673828125,5928
2014-04-11,195.5,198.5500030517578,195.5,195.85000610351562,167.19984436035156,2449
2014-04-15,196.89999389648438,197.6999969482422,194.0,196.14999389648438,167.45594787597656,3532
2014-04-16,196.0,201.9499969482422,194.0,195.60000610351562,166.9864044189453,2675
2014-04-17,195.75,196.0,192.0,193.5,165.19361877441406,3105
2014-04-21,197.5,199.39999389648438,197.3000030517578,197.9499969482422,168.9926300048828,2290
2014-04-22,198.10000610351562,200.0,197.0,197.89999389648438,168.949951171875,3425
2014-04-23,199.0,209.89999389648438,197.75,204.35000610351562,174.45640563964844,22221
2014-04-25,208.14999389648438,214.0,208.14999389648438,211.25,180.34703063964844,134659
2014-04-28,211.25,215.0,208.10000610351562,213.35000610351562,182.13983154296875,49772
2014-04-29,214.89999389648438,216.0,211.10000610351562,214.9499969482422,183.50576782226562,27867
2014-04-30,215.0500030517578,219.5,211.0,216.6999969482422,184.999755859375,27860
2014-05-02,217.10000610351562,219.64999389648438,212.10000610351562,219.25,187.17674255371094,23314
2014-05-05,219.8000030517578,223.39999389648438,203.60000610351562,214.14999389648438,182.8227996826172,67764
2014-05-06,212.0,223.0,212.0,222.4499969482422,189.9086151123047,40085
2014-05-07,224.0,225.5500030517578,223.0,224.1999969482422,191.40260314941406,25510
2014-05-08,224.0,225.0,216.75,224.5,191.65872192382812,316780
2014-05-09,224.0,225.0,219.9499969482422,224.10000610351562,191.3172607421875,30806
2014-05-12,223.0,224.0,220.0,221.60000610351562,189.18296813964844,16788
2014-05-13,221.4499969482422,224.9499969482422,221.4499969482422,223.64999389648438,190.93307495117188,19032
2014-05-14,220.1999969482422,242.0,220.1999969482422,233.89999389648438,199.68365478515625,54957
2014-05-15,237.0,239.9499969482422,228.10000610351562,230.39999389648438,196.6956329345703,42269
2014-05-16,232.0,236.0,222.60000610351562,233.85000610351562,199.64096069335938,51389
2014-05-19,234.0,235.5,232.0,234.3000030517578,200.02511596679688,11172
2014-05-20,231.39999389648438,236.6999969482422,225.0,234.0,199.76901245117188,16753
2014-05-21,233.75,235.75,233.0,233.9499969482422,199.726318359375,21986
2014-05-22,233.6999969482422,240.0,233.0500030517578,238.14999389648438,203.31195068359375,17872
2014-05-23,241.0,243.5,234.35000610351562,237.3000030517578,202.58627319335938,112623
2014-05-26,237.0,244.35000610351562,232.0,237.8000030517578,203.01312255859375,42347
2014-05-27,240.0,241.0,230.0,232.64999389648438,198.61648559570312,10706
2014-05-28,232.64999389648438,241.0,230.5,239.4499969482422,204.4217529296875,10656
2014-05-29,236.64999389648438,237.6999969482422,231.60000610351562,235.1999969482422,200.79345703125,7567
2014-05-30,239.89999389648438,239.89999389648438,230.0,231.5,197.6347198486328,11090
2014-06-02,231.5,239.0,230.60000610351562,235.1999969482422,200.79345703125,6832
2014-06-03,237.0,240.39999389648438,232.0,234.14999389648438,199.89707946777344,10155
2014-06-04,239.0,245.0,236.0,244.8000030517578,208.98912048339844,40026
2014-06-05,245.0,245.4499969482422,241.0,244.39999389648438,208.6476287841797,104730
2014-06-06,240.0,245.0,240.0,243.25,207.66586303710938,18197
2014-06-09,248.0,248.0,240.0,244.9499969482422,209.11717224121094,16487
2014-06-10,246.0,267.5,245.0500030517578,260.8999938964844,222.73391723632812,47657
2014-06-11,267.8999938964844,268.0,252.0,256.3500061035156,218.8495330810547,20359
2014-06-12,260.0,264.1000061035156,259.0,260.5,222.3924102783203,11152
2014-06-13,260.0,260.1000061035156,249.1999969482422,251.0,214.2821502685547,8936
2014-06-16,250.0,250.4499969482422,244.1999969482422,245.8000030517578,209.84283447265625,20812
2014-06-17,249.5,255.6999969482422,249.5,252.64999389648438,215.69078063964844,8719
2014-06-18,253.89999389648438,257.8999938964844,245.0,246.85000610351562,210.73924255371094,18680
2014-06-19,246.0,250.85000610351562,245.1999969482422,249.0500030517578,212.61741638183594,5746
2014-06-20,249.14999389648438,249.14999389648438,241.0,241.6999969482422,206.3426055908203,3416
2014-06-23,241.10000610351562,241.10000610351562,233.89999389648438,235.35000610351562,200.92153930664062,10914
2014-06-24,239.60000610351562,250.0,239.60000610351562,248.5500030517578,212.1905517578125,14242
2014-06-25,249.3000030517578,250.0,246.35000610351562,248.1999969482422,211.89175415039062,5439
2014-06-26,249.8000030517578,262.0,248.35000610351562,249.85000610351562,213.30038452148438,16491
2014-06-27,249.0,266.0,249.0,263.1000061035156,224.61207580566406,1185897
2014-06-30,259.0,262.0,250.0,255.14999389648438,217.82505798339844,24097
2014-07-01,258.0,274.5,258.0,260.6000061035156,222.4778289794922,3993973
2014-07-02,260.0,268.0,255.10000610351562,264.5,225.80731201171875,1048487
2014-07-03,266.6499938964844,269.45001220703125,250.0,267.1000061035156,228.02696228027344,9072
2014-07-04,269.3999938964844,270.0,260.8500061035156,261.70001220703125,223.41690063476562,12088
2014-07-07,262.8500061035156,263.0,252.0,253.9499969482422,216.80059814453125,19081
2014-07-08,250.25,261.6000061035156,249.0,253.8000030517578,216.6725616455078,27507
2014-07-09,253.0,253.10000610351562,246.9499969482422,251.5500030517578,214.75169372558594,9940
2014-07-10,251.0,258.04998779296875,249.0,252.8000030517578,215.81886291503906,258760
2014-07-11,255.0,258.79998779296875,252.0,255.9499969482422,218.5080108642578,13405
2014-07-14,252.75,259.0,248.75,254.10000610351562,216.9286651611328,316510
2014-07-15,252.0,265.0,252.0,262.45001220703125,224.05715942382812,24180
2014-07-16,264.79998779296875,265.45001220703125,263.95001220703125,264.20001220703125,225.5511932373047,7810
2014-07-17,264.29998779296875,268.1499938964844,260.0,265.0,226.234130859375,197566
2014-07-18,264.0,265.0,261.3500061035156,264.29998779296875,225.6365203857422,17873
2014-07-21,260.1000061035156,265.79998779296875,260.0,260.25,222.1790008544922,8044
2014-07-22,262.1000061035156,269.79998779296875,262.0,267.8999938964844,228.70989990234375,19215
2014-07-23,265.0,270.6499938964844,265.0,269.79998779296875,230.3319549560547,92540
2014-07-24,262.0,266.0,260.0,260.8500061035156,230.287841796875,9541
2014-07-25,267.25,267.25,257.70001220703125,259.3999938964844,229.00772094726562,19562
2014-07-28,259.04998779296875,259.5,255.6999969482422,256.8500061035156,226.75650024414062,3314
2014-07-30,255.3000030517578,259.1499938964844,251.8000030517578,252.9499969482422,223.31341552734375,21712
2014-07-31,256.0,259.95001220703125,254.39999389648438,256.8500061035156,226.75650024414062,17640
2014-08-01,255.10000610351562,266.0,255.10000610351562,263.0,232.18594360351562,15900
2014-08-04,268.70001220703125,274.8999938964844,265.04998779296875,267.45001220703125,236.1145477294922,45106
2014-08-05,269.20001220703125,276.8500061035156,269.20001220703125,275.1000061035156,242.8682403564453,79093
2014-08-06,276.0,276.54998779296875,266.1000061035156,270.8999938964844,239.16033935546875,620951
2014-08-07,256.8999938964844,256.8999938964844,251.25,253.0500030517578,223.40171813964844,213093
2014-08-08,252.0,261.04998779296875,243.89999389648438,258.75,228.43386840820312,108372
2014-08-11,258.95001220703125,267.5,254.5,260.1000061035156,229.62571716308594,71315
2014-08-12,259.70001220703125,270.0,258.79998779296875,267.95001220703125,236.5559844970703,119057
2014-08-13,267.95001220703125,270.1000061035156,264.6499938964844,266.75,235.49656677246094,24947
2014-08-14,264.95001220703125,267.6499938964844,262.29998779296875,265.75,234.61373901367188,12946
2014-08-18,266.0,271.5,265.95001220703125,268.79998779296875,237.30638122558594,16900
2014-08-19,266.0,272.29998779296875,261.5,264.5,233.51022338867188,125402
2014-08-20,265.0,265.6499938964844,258.79998779296875,261.75,231.08236694335938,15104
2014-08-21,263.6499938964844,270.5,259.20001220703125,263.8999938964844,232.98046875,65676
2014-08-22,266.0,266.0,253.25,256.25,226.22677612304688,19630
2014-08-25,255.10000610351562,262.0,253.25,260.6499938964844,230.11126708984375,25254
2014-08-26,260.04998779296875,264.0,253.0,254.3000030517578,224.5052490234375,25750
2014-08-27,255.89999389648438,256.95001220703125,251.0500030517578,254.5500030517578,224.72596740722656,11225
2014-08-28,255.10000610351562,265.70001220703125,255.10000610351562,262.8500061035156,232.0535125732422,51455
2014-09-01,265.0,269.1499938964844,264.5,267.75,236.37940979003906,19915
2014-09-02,273.0,278.29998779296875,267.6499938964844,273.6000061035156,241.54400634765625,62266
2014-09-03,276.6499938964844,281.3999938964844,276.0,279.54998779296875,246.79684448242188,54457
2014-09-04,275.0,290.95001220703125,275.0,285.6000061035156,252.13804626464844,36332
2014-09-05,285.0,290.0,277.8999938964844,280.0,247.19415283203125,105170
2014-09-08,288.5,300.0,273.45001220703125,296.45001220703125,261.7168273925781,145110
2014-09-09,301.0,305.0,281.25,293.1499938964844,258.8034362792969,89284
2014-09-10,280.1499938964844,295.0,280.1499938964844,284.3999938964844,251.07861328125,58384
2014-09-11,284.5,287.0,276.5,281.70001220703125,248.6949920654297,26967
2014-09-12,279.0,285.8999938964844,278.8500061035156,282.25,249.18052673339844,45474
2014-09-15,277.1000061035156,298.8999938964844,271.3500061035156,297.1499938964844,262.3348083496094,112745
2014-09-16,285.6499938964844,306.20001220703125,285.6499938964844,297.54998779296875,262.68792724609375,154523
2014-09-17,305.0,313.79998779296875,290.0,309.1000061035156,272.88470458984375,117399
2014-09-18,300.0,321.54998779296875,300.0,315.8500061035156,278.84381103515625,67182
2014-09-19,313.1000061035156,316.29998779296875,296.25,309.75,273.4585266113281,96198
2014-09-22,311.5,311.5,291.0,294.1499938964844,259.6863098144531,319399
2014-09-23,294.20001220703125,295.5,285.1000061035156,287.6499938964844,253.9478302001953,40427
2014-09-24,287.5,300.5,282.0,285.3999938964844,251.96144104003906,81010
2014-09-25,287.3500061035156,303.8999938964844,287.0,299.6499938964844,264.5418701171875,116158
2014-09-26,290.1499938964844,297.8999938964844,287.0,290.95001220703125,256.8612060546875,42808
2014-09-29,292.0,302.79998779296875,292.0,298.3999938964844,263.4383239746094,56300
2014-09-30,296.1000061035156,304.75,289.1499938964844,295.45001220703125,260.8339538574219,68699
2014-10-01,303.54998779296875,303.54998779296875,276.20001220703125,282.1499938964844,249.09225463867188,70324
2014-10-07,281.95001220703125,299.6499938964844,280.0,288.04998779296875,254.30096435546875,158855
2014-10-08,288.54998779296875,294.6000061035156,286.95001220703125,289.20001220703125,255.31625366210938,104260
2014-10-09,291.29998779296875,295.3999938964844,281.6000061035156,287.79998779296875,254.0802459716797,490041
2014-10-10,289.1000061035156,295.79998779296875,286.04998779296875,287.6499938964844,253.9478302001953,89374
2014-10-13,282.1000061035156,290.6499938964844,282.1000061035156,288.45001220703125,254.65411376953125,12406
2014-10-14,290.8999938964844,295.0,288.5,290.70001220703125,256.6405029296875,89247
2014-10-16,282.0,290.20001220703125,280.6499938964844,282.1499938964844,249.09225463867188,57121
2014-10-17,284.0,285.45001220703125,281.3999938964844,283.1000061035156,249.93096923828125,7144
2014-10-20,286.5,290.1000061035156,282.20001220703125,284.20001220703125,250.90208435058594,37558
2014-10-21,287.3999938964844,291.95001220703125,286.0,290.6000061035156,256.5522155761719,30184
2014-10-22,290.0,299.1000061035156,290.0,296.70001220703125,261.9375305175781,21597
2014-10-27,300.20001220703125,302.0,288.1000061035156,290.29998779296875,256.287353515625,25647
2014-10-28,293.5,299.25,287.29998779296875,289.1499938964844,255.27207946777344,86088
2014-10-29,285.0,291.3500061035156,285.0,289.95001220703125,255.97837829589844,2647258
2014-10-30,290.75,291.25,288.75,290.5,256.46392822265625,12483
2014-10-31,292.29998779296875,297.1499938964844,289.20001220703125,293.3500061035156,258.97998046875,51879
2014-11-03,293.1499938964844,311.8500061035156,293.1499938964844,301.3999938964844,266.0868225097656,112679
2014-11-05,307.95001220703125,309.75,283.54998779296875,290.5,256.46392822265625,410881
2014-11-07,295.0,295.0,274.45001220703125,279.1499938964844,246.4437255859375,72221
2014-11-10,280.0,290.8999938964844,278.3500061035156,287.3500061035156,253.68299865722656,35151
2014-11-11,290.0,292.75,287.0,290.20001220703125,256.1990966796875,105280
2014-11-12,294.0,298.0,283.0,290.04998779296875,256.066650390625,98020
2014-11-13,292.1499938964844,296.8500061035156,290.6000061035156,294.8999938964844,260.348388671875,81520
2014-11-14,296.29998779296875,301.45001220703125,292.79998779296875,299.8999938964844,264.7626037597656,47375
2014-11-17,300.0,302.54998779296875,296.8500061035156,300.20001220703125,265.0274658203125,79357
2014-11-18,302.0,306.6000061035156,295.1499938964844,300.1000061035156,264.9391784667969,78756
2014-11-19,300.0,303.54998779296875,296.1499938964844,300.04998779296875,264.89501953125,52220
2014-11-20,300.1499938964844,300.75,296.3500061035156,299.8500061035156,264.7184143066406,19352
2014-11-21,300.0,301.54998779296875,294.3999938964844,298.8500061035156,263.83563232421875,24466
2014-11-24,300.70001220703125,304.1499938964844,296.0,298.95001220703125,263.9239196777344,83002
2014-11-25,301.25,303.25,298.0,299.20001220703125,264.14459228515625,20625
2014-11-26,300.0,300.75,298.95001220703125,299.95001220703125,264.8067626953125,12853
2014-11-27,299.29998779296875,301.29998779296875,297.6499938964844,298.3999938964844,263.4383239746094,6341
2014-11-28,298.54998779296875,302.45001220703125,295.0,298.95001220703125,263.9239196777344,34849
2014-12-01,300.0,301.0,291.20001220703125,299.54998779296875,264.45355224609375,12766
2014-12-02,303.0,303.0,278.5,284.1499938964844,250.85791015625,226902
2014-12-03,287.3999938964844,291.0,280.70001220703125,288.1499938964844,254.38925170898438,43519
2014-12-04,294.0,297.3999938964844,289.0,295.1000061035156,260.5249938964844,17439
2014-12-05,296.3999938964844,312.45001220703125,294.1000061035156,309.45001220703125,273.1936950683594,144005
2014-12-08,311.95001220703125,316.54998779296875,307.3500061035156,309.6499938964844,273.3702392578125,86764
2014-12-09,309.45001220703125,322.8999938964844,305.6499938964844,319.1499938964844,281.7572021484375,102912
2014-12-10,319.0,333.20001220703125,319.0,330.45001220703125,291.7332458496094,116114
2014-12-11,333.5,371.75,333.5,347.1000061035156,306.4324645996094,549991
2014-12-12,353.45001220703125,353.45001220703125,335.54998779296875,340.29998779296875,300.4291687011719,89618
2014-12-15,337.6000061035156,350.79998779296875,336.70001220703125,346.1000061035156,305.54962158203125,93455
2014-12-16,347.0,348.0,339.54998779296875,345.6000061035156,305.1081848144531,51292
2014-12-17,347.0,356.70001220703125,341.6000061035156,348.8500061035156,307.9774169921875,268387
2014-12-18,355.04998779296875,355.04998779296875,349.0,351.5,310.31695556640625,43543
2014-12-19,353.0,354.54998779296875,348.0,349.5,308.55126953125,14459
2014-12-22,350.0,350.5,331.8500061035156,337.0,297.51580810546875,27805
2014-12-23,339.3999938964844,341.79998779296875,332.1000061035156,337.20001220703125,297.6923828125,28064
2014-12-24,338.54998779296875,339.0,320.0,333.04998779296875,294.02862548828125,28980
2014-12-26,333.3999938964844,334.1499938964844,322.1000061035156,332.75,293.7637634277344,13564
2014-12-29,332.0,332.04998779296875,323.1499938964844,324.54998779296875,286.5245056152344,11856
2014-12-30,324.8999938964844,326.1499938964844,323.6000061035156,324.75,286.7010498046875,12878
2014-12-31,323.75,349.0,323.5,336.6499938964844,297.20684814453125,79008
2015-01-01,333.29998779296875,340.79998779296875,330.0,339.3999938964844,299.6346130371094,16277
2015-01-02,339.04998779296875,340.6000061035156,336.70001220703125,337.6000061035156,298.0455322265625,8164
2015-01-05,338.0,347.1000061035156,338.0,342.25,302.15069580078125,79183
2015-01-06,343.75,351.25,339.5,342.0,301.92999267578125,51283
2015-01-07,341.8999938964844,347.29998779296875,341.45001220703125,342.75,302.59210205078125,32461
2015-01-08,344.0,346.0,343.1499938964844,343.95001220703125,303.6515197753906,57073
2015-01-09,347.0,347.0,341.0,342.95001220703125,302.7686767578125,10680
2015-01-12,342.0,343.8999938964844,340.29998779296875,342.45001220703125,302.3272705078125,2577
2015-01-13,345.0,345.0,338.79998779296875,340.04998779296875,300.20843505859375,6317
2015-01-14,340.20001220703125,341.6000061035156,332.6000061035156,339.25,299.502197265625,9904
2015-01-15,341.54998779296875,346.29998779296875,336.29998779296875,339.04998779296875,299.32562255859375,7519
2015-01-16,339.0,343.70001220703125,337.20001220703125,339.6000061035156,299.8111877441406,4917
2015-01-19,340.0,343.0,339.1000061035156,341.54998779296875,301.5326843261719,17875
2015-01-20,343.5,361.0,343.5,354.5,312.9654235839844,63780
2015-01-21,355.25,374.3999938964844,355.25,364.70001220703125,321.97039794921875,173198
2015-01-22,364.8999938964844,364.8999938964844,355.3500061035156,360.5,318.262451171875,24251
2015-01-23,363.0,373.20001220703125,359.25,368.45001220703125,325.2810363769531,41830
2015-01-27,365.0,368.70001220703125,360.0,363.70001220703125,321.0875244140625,28830
2015-01-28,361.6000061035156,381.1000061035156,361.6000061035156,378.54998779296875,334.1976623535156,42026
2015-01-29,377.04998779296875,380.0,369.0,373.54998779296875,329.783447265625,24121
2015-01-30,379.6000061035156,387.0,345.95001220703125,358.04998779296875,316.0994873046875,99277
2015-02-02,370.0,374.0,368.45001220703125,370.1499938964844,326.7818298339844,420207
2015-02-03,369.5,383.6499938964844,365.0,375.54998779296875,331.54913330078125,78708
2015-02-04,381.29998779296875,384.95001220703125,371.79998779296875,376.8999938964844,332.740966796875,83214
2015-02-05,360.1000061035156,381.0,360.1000061035156,375.29998779296875,331.3284606933594,41970
2015-02-06,380.0,380.0,375.25,378.20001220703125,333.888671875,25521
2015-02-09,378.1000061035156,381.20001220703125,368.54998779296875,373.8500061035156,330.04833984375,373773
2015-02-10,370.0,371.6000061035156,355.0,369.25,325.98724365234375,53542
2015-02-11,362.0,368.29998779296875,356.54998779296875,361.25,318.92462158203125,19781
2015-02-12,361.1000061035156,369.1499938964844,339.0,364.3999938964844,321.70550537109375,50290
2015-02-13,365.20001220703125,365.20001220703125,354.75,359.0,316.9382019042969,18121
2015-02-16,359.0,373.20001220703125,359.0,369.1000061035156,325.8548583984375,15941
2015-02-18,363.95001220703125,365.6499938964844,362.79998779296875,364.6499938964844,321.9262390136719,9222
2015-02-19,374.0,375.20001220703125,366.8500061035156,368.25,325.10443115234375,42728
2015-02-20,367.45001220703125,369.1000061035156,358.29998779296875,360.0,317.8210754394531,27149
2015-02-23,369.8999938964844,371.45001220703125,364.45001220703125,366.8999938964844,323.91259765625,14936
2015-02-24,364.79998779296875,371.0,362.3500061035156,368.75,325.5458679199219,8938294
2015-02-25,369.45001220703125,374.0,369.0,370.79998779296875,327.35565185546875,49299
2015-02-26,358.0,370.8999938964844,347.6000061035156,367.29998779296875,324.2657165527344,34764740
2015-02-27,364.95001220703125,377.1000061035156,362.5,367.3999938964844,324.35400390625,58641
2015-03-02,367.20001220703125,370.0,358.79998779296875,359.8500061035156,317.6886291503906,111874
2015-03-03,359.8999938964844,363.70001220703125,355.6499938964844,358.3500061035156,316.3643493652344,45573
2015-03-04,363.70001220703125,365.8999938964844,358.5,360.75,318.4831848144531,17670
2015-03-05,359.6000061035156,366.3999938964844,359.6000061035156,363.45001220703125,320.8668518066406,16476
2015-03-09,367.0,368.6499938964844,362.70001220703125,364.25,321.5730895996094,11421
2015-03-10,368.0,376.70001220703125,366.54998779296875,369.54998779296875,326.25213623046875,31393
2015-03-11,371.1499938964844,385.0,369.1499938964844,377.95001220703125,333.66796875,26061
2015-03-12,378.0,393.0,378.0,389.1000061035156,343.5115661621094,499842
2015-03-13,386.6000061035156,392.6000061035156,385.04998779296875,387.70001220703125,342.2756042480469,39660
2015-03-16,389.3500061035156,389.3500061035156,375.25,382.45001220703125,337.6407165527344,14295
2015-03-17,385.0,396.25,376.0,383.6000061035156,338.6559753417969,27534
2015-03-18,386.0,388.3999938964844,372.0,379.29998779296875,334.8597717285156,11075
2015-03-19,380.0,387.29998779296875,380.0,384.70001220703125,339.6271057128906,6894
2015-03-20,383.54998779296875,388.8999938964844,375.0,383.95001220703125,338.9649658203125,12160
2015-03-23,380.0,386.70001220703125,376.20001220703125,384.25,339.2298278808594,14177
2015-03-24,368.0,388.1499938964844,368.0,387.25,341.8783264160156,10253
2015-03-25,389.0,399.0,388.79998779296875,391.8500061035156,345.93939208984375,36535
2015-03-26,391.0,393.95001220703125,375.79998779296875,377.1499938964844,332.961669921875,637209
2015-03-27,380.3999938964844,384.6000061035156,365.0,376.5,332.3878173828125,91436
2015-03-30,380.0,388.20001220703125,378.8999938964844,384.8500061035156,339.759521484375,28875
2015-03-31,387.0,387.0,382.6000061035156,384.79998779296875,339.7153625488281,33283
2015-04-01,389.0,389.0,383.0,384.70001220703125,339.6271057128906,73609
2015-04-06,390.0,390.0,376.20001220703125,380.3500061035156,335.7867431640625,84731
2015-04-07,390.0,390.0,380.0,384.8999938964844,339.8036804199219,34472
2015-04-08,389.0,389.0,368.0,374.6000061035156,330.71044921875,39590
2015-04-09,384.5,384.5,377.0,380.0,335.477783203125,44132
2015-04-10,381.0,381.0,368.95001220703125,376.1000061035156,332.03472900390625,34856
2015-04-13,376.0,386.29998779296875,376.0,385.1000061035156,339.980224609375,61184
2015-04-15,385.0,385.95001220703125,374.45001220703125,376.8500061035156,332.69683837890625,8316804
2015-04-16,378.79998779296875,384.25,378.79998779296875,381.25,336.5813293457031,77425
2015-04-17,380.0,381.5,373.79998779296875,375.79998779296875,331.7698669433594,384423
2015-04-20,377.54998779296875,378.70001220703125,366.54998779296875,370.95001220703125,327.48809814453125,22630
2015-04-21,372.70001220703125,374.0,365.29998779296875,370.04998779296875,326.6935119628906,8117
2015-04-22,373.70001220703125,373.70001220703125,356.1499938964844,367.8500061035156,324.7513122558594,17676
2015-04-23,372.3500061035156,373.8500061035156,365.0,371.3500061035156,327.84124755859375,6368
2015-04-24,370.0,376.29998779296875,366.1499938964844,373.1499938964844,329.4303283691406,11208
2015-04-27,376.95001220703125,400.0,372.3500061035156,395.3999938964844,349.0734558105469,184107
2015-04-28,395.3999938964844,421.6000061035156,378.0,400.95001220703125,353.97320556640625,226484
2015-04-29,404.0,404.0,382.54998779296875,395.3999938964844,349.0734558105469,155634
2015-04-30,395.0,402.0,394.6000061035156,401.20001220703125,354.1938781738281,53504
2015-05-04,400.0,403.79998779296875,384.04998779296875,396.29998779296875,349.8680114746094,19600
2015-05-05,400.0,400.0,387.45001220703125,390.1499938964844,344.4385681152344,15525
2015-05-06,394.75,398.1499938964844,376.8999938964844,383.8999938964844,338.9208068847656,20096
2015-05-07,385.0,387.6499938964844,364.8999938964844,370.20001220703125,326.8259582519531,27902
2015-05-08,379.8500061035156,392.3999938964844,378.45001220703125,388.5,342.98187255859375,16802
2015-05-11,392.0,395.0,382.0,389.3500061035156,343.7322998046875,66447
2015-05-12,388.5,391.95001220703125,382.20001220703125,384.0,339.0091247558594,12993
2015-05-13,389.0,404.8999938964844,389.0,392.0,346.07183837890625,320252
2015-05-14,385.20001220703125,404.0,385.20001220703125,400.3500061035156,353.4434814453125,54894
2015-05-15,400.0,414.5,400.0,409.75,361.7421875,38413
2015-05-18,413.20001220703125,419.0,403.0,417.79998779296875,368.8489990234375,227621
2015-05-19,418.0,440.0,418.0,429.70001220703125,379.354736328125,47407
2015-05-20,435.0,471.04998779296875,432.25,450.1000061035156,397.3646240234375,79237
2015-05-21,447.1000061035156,447.1000061035156,432.54998779296875,434.3999938964844,383.5040588378906,45947
2015-05-22,432.0,437.8999938964844,422.04998779296875,434.0,383.1509094238281,27143
2015-05-25,434.3500061035156,459.0,425.95001220703125,452.25,399.2626953125,41035
2015-05-26,447.0,489.8999938964844,447.0,462.70001220703125,408.48834228515625,246795
2015-05-27,448.1499938964844,455.1499938964844,426.0,436.70001220703125,385.5345764160156,94227
2015-05-28,438.70001220703125,449.8999938964844,419.1000061035156,443.04998779296875,391.14056396484375,146953
2015-05-29,440.0,505.0,438.25,479.1499938964844,423.010986328125,616157
2015-06-01,466.45001220703125,474.0,442.25,471.54998779296875,416.3014221191406,260446
2015-06-02,467.79998779296875,470.3500061035156,446.0,453.20001220703125,400.10137939453125,88267
2015-06-03,453.0,454.0,414.04998779296875,421.75,372.336181640625,84038
2015-06-04,423.0,440.54998779296875,416.70001220703125,435.3500061035156,384.3427429199219,123609
2015-06-05,425.70001220703125,449.0,422.3500061035156,447.04998779296875,394.6719665527344,89407
2015-06-08,445.0,452.3999938964844,435.3999938964844,447.8500061035156,395.37823486328125,47525
2015-06-09,453.0,453.0,442.0,446.29998779296875,394.0097961425781,364787
2015-06-10,436.0,463.75,433.54998779296875,443.0,391.0964660644531,53504
2015-06-11,447.8999938964844,474.0,446.8500061035156,455.8999938964844,402.48504638671875,680321
2015-06-12,454.5,455.0,436.6000061035156,443.04998779296875,391.14056396484375,47596
2015-06-15,437.0,458.0,435.8500061035156,451.6499938964844,398.73297119140625,37817
2015-06-16,458.79998779296875,470.3999938964844,451.04998779296875,463.29998779296875,409.01800537109375,622843
2015-06-17,462.0,475.0,458.3999938964844,473.04998779296875,417.62567138671875,5050132
2015-06-18,467.0,473.79998779296875,452.20001220703125,461.20001220703125,407.1640930175781,142285
2015-06-19,467.79998779296875,468.29998779296875,457.1000061035156,464.3999938964844,409.9891662597656,34182
2015-06-22,466.0,482.25,458.79998779296875,479.79998779296875,423.5848388671875,38121
2015-06-23,482.0,484.45001220703125,472.0,480.29998779296875,424.0262145996094,42105
2015-06-24,471.0,478.6000061035156,461.1000061035156,462.95001220703125,408.70904541015625,34594
2015-06-25,462.5,471.95001220703125,452.25,458.1000061035156,404.42730712890625,25077
2015-06-26,453.0,457.75,433.0,436.3500061035156,385.2256164550781,68176
2015-06-29,427.0,457.70001220703125,427.0,449.3500061035156,396.70245361328125,83267
2015-06-30,452.0,459.20001220703125,440.5,446.45001220703125,394.1422424316406,46180
2015-07-01,442.0,453.45001220703125,438.25,440.8500061035156,389.1983947753906,18453
2015-07-02,441.20001220703125,481.5,441.20001220703125,476.3999938964844,420.58319091796875,94741
2015-07-03,474.0,474.0,457.5,464.75,410.2981262207031,50034
2015-07-06,455.0,456.8500061035156,446.20001220703125,449.79998779296875,397.0997314453125,48363
2015-07-07,449.0,457.5,436.0,436.95001220703125,385.75531005859375,67630
2015-07-08,436.0,453.8500061035156,436.0,449.95001220703125,397.2322082519531,90500
2015-07-09,449.8999938964844,450.0,439.3500061035156,441.70001220703125,389.94873046875,43676
2015-07-10,441.0,444.70001220703125,434.1499938964844,436.95001220703125,385.75531005859375,20818
2015-07-13,441.8500061035156,443.0,435.8999938964844,439.3999938964844,387.9182434082031,17190
2015-07-14,442.70001220703125,448.5,436.29998779296875,447.6000061035156,395.1575012207031,35596
2015-07-15,450.0,450.0,443.0,447.25,394.8484802246094,24946
2015-07-16,446.45001220703125,461.6000061035156,441.75,453.0,399.9248046875,27509
2015-07-17,455.0,475.6499938964844,455.0,470.54998779296875,415.4186096191406,54018
2015-07-20,471.0,471.0,455.0,461.25,407.20819091796875,35873
2015-07-21,469.0,469.0,438.20001220703125,449.20001220703125,396.570068359375,32469
2015-07-22,455.0,463.54998779296875,450.0,457.04998779296875,403.50030517578125,63773
2015-07-23,464.0,466.0,445.8999938964844,450.29998779296875,397.5411071777344,34521
2015-07-24,454.8999938964844,454.8999938964844,411.6000061035156,418.8500061035156,369.7759704589844,98702
2015-07-27,423.79998779296875,434.0,423.79998779296875,427.29998779296875,377.23590087890625,28303
2015-07-28,434.95001220703125,446.29998779296875,429.6000061035156,435.79998779296875,384.7400207519531,102094
2015-07-29,447.79998779296875,448.0,438.5,443.04998779296875,391.14056396484375,27802
2015-07-30,426.0,448.29998779296875,426.0,442.1000061035156,390.3019104003906,15470
2015-07-31,447.0,462.79998779296875,445.8500061035156,447.95001220703125,395.46649169921875,44772
2015-08-03,458.0,475.8999938964844,448.0,474.25,424.8498840332031,66421
2015-08-04,480.0,495.0,473.3999938964844,479.79998779296875,429.82177734375,355002
2015-08-05,479.0,500.0,460.1000061035156,463.75,415.4436340332031,33730
2015-08-06,457.70001220703125,465.54998779296875,450.0,453.04998779296875,405.8581848144531,21209
2015-08-07,453.0,460.0,430.1000061035156,436.1499938964844,390.71856689453125,113453
2015-08-10,438.0,454.5,438.0,442.95001220703125,396.8102722167969,43243
2015-08-11,443.95001220703125,443.95001220703125,436.0,439.8500061035156,394.03314208984375,59937
2015-08-12,424.5,443.0,424.5,439.29998779296875,393.5404052734375,45698
2015-08-13,438.70001220703125,440.5,430.3999938964844,433.0,387.8966979980469,28778
2015-08-14,430.0,430.54998779296875,402.8500061035156,410.29998779296875,367.5612487792969,102771
2015-08-17,410.0,422.0,407.25,419.3500061035156,375.6685485839844,183302
2015-08-18,420.0,421.3999938964844,413.04998779296875,415.70001220703125,372.39874267578125,46077
2015-08-19,413.45001220703125,416.0,400.0,404.29998779296875,362.18621826171875,85094
2015-08-20,403.04998779296875,414.5,388.0,403.45001220703125,361.4247741699219,98533
2015-08-21,395.25,419.54998779296875,395.25,402.8999938964844,360.93206787109375,44625
2015-08-24,391.0,391.0,368.0,375.79998779296875,336.6549377441406,39078
2015-08-25,373.0,426.5,373.0,408.6000061035156,366.0382995605469,51595
2015-08-26,407.0,407.0,385.0,387.70001220703125,347.31536865234375,27395
2015-08-27,395.0,403.20001220703125,384.0,392.1499938964844,351.30181884765625,41041
2015-08-28,395.0,397.70001220703125,380.0,389.6499938964844,349.0622253417969,18749610
2015-08-31,393.1000061035156,435.3999938964844,392.1000061035156,399.54998779296875,357.9309997558594,265811
2015-09-01,392.1000061035156,428.45001220703125,392.1000061035156,402.54998779296875,360.6184997558594,188125
2015-09-02,412.75,419.6499938964844,394.8999938964844,397.29998779296875,355.9153747558594,87142
2015-09-03,401.0,424.0,400.0,406.6499938964844,364.2914123535156,226826
2015-09-04,412.0,413.79998779296875,402.04998779296875,408.04998779296875,365.54559326171875,53699
2015-09-07,410.0,412.45001220703125,402.5,404.8999938964844,362.7237243652344,18893
2015-09-08,406.0,412.20001220703125,392.20001220703125,397.79998779296875,356.36328125,24626
2015-09-09,403.0,408.79998779296875,403.0,407.5,365.0528869628906,21877
2015-09-10,414.0,414.0,386.25,390.79998779296875,350.0924377441406,57108
2015-09-11,397.8999938964844,398.79998779296875,371.5,376.04998779296875,336.87884521484375,72616
2015-09-14,382.5,400.0,378.0,398.6000061035156,357.0799255371094,81226
2015-09-15,397.1000061035156,397.29998779296875,383.0,388.8999938964844,348.39031982421875,52274
2015-09-16,384.1000061035156,390.6499938964844,378.5,379.95001220703125,340.3726501464844,30587
2015-09-18,384.95001220703125,393.70001220703125,381.25,390.3999938964844,349.73406982421875,88200
2015-09-21,389.8999938964844,403.3999938964844,387.0,400.8999938964844,359.1403503417969,54195
2015-09-22,400.04998779296875,416.95001220703125,400.0,414.0,370.8758544921875,85902
2015-09-23,413.8999938964844,413.8999938964844,391.0,393.79998779296875,352.7799377441406,45948
2015-09-24,398.3500061035156,403.54998779296875,392.75,395.70001220703125,354.4820251464844,51845
2015-09-28,407.8999938964844,407.8999938964844,373.95001220703125,376.75,337.5059509277344,110360
2015-09-29,372.0,376.5,341.6000061035156,356.79998779296875,319.634033203125,475928
2015-09-30,356.8999938964844,366.29998779296875,350.20001220703125,354.75,317.7975769042969,154915
2015-10-01,361.79998779296875,401.79998779296875,360.70001220703125,396.8999938964844,355.5570373535156,386389
2015-10-05,399.0,426.0,395.0,410.04998779296875,367.3372802734375,259828
2015-10-06,416.0,430.79998779296875,413.6000061035156,426.75,382.2976989746094,165501
2015-10-07,424.1000061035156,436.79998779296875,419.6499938964844,430.45001220703125,385.6123352050781,96280
2015-10-08,430.0,431.0,403.0,410.1499938964844,367.4268798828125,89413
2015-10-09,417.0,417.0,393.8500061035156,403.6499938964844,361.60394287109375,167625
2015-10-12,405.0,407.1000061035156,384.0,385.8999938964844,345.7028503417969,74025
2015-10-13,386.3999938964844,400.0,375.95001220703125,398.25,356.76641845703125,158257
2015-10-14,405.0,412.0,393.54998779296875,406.95001220703125,364.5601806640625,99811
2015-10-15,410.0,411.0,396.8500061035156,400.54998779296875,358.82684326171875,81865
2015-10-16,404.0,412.20001220703125,400.8500061035156,402.0,360.1258239746094,59301
2015-10-19,404.8999938964844,416.0,398.8999938964844,414.6499938964844,371.4581298828125,74212
2015-10-20,416.5,420.8500061035156,402.5,405.95001220703125,363.66436767578125,102704
2015-10-21,400.0,414.25,400.0,408.8999938964844,366.30706787109375,47198
2015-10-23,410.0,411.0,386.0,389.5,348.9278259277344,153033
2015-10-26,391.95001220703125,398.0,378.45001220703125,380.0,340.41741943359375,65348
2015-10-27,378.0,388.3999938964844,375.0,386.3500061035156,346.10595703125,83684
2015-10-28,384.45001220703125,394.3500061035156,384.0,390.5,349.82373046875,67382
2015-10-29,386.0,392.0,384.1000061035156,385.6499938964844,345.4788818359375,32875
2015-10-30,386.6499938964844,394.0,386.3999938964844,388.8500061035156,348.3455810546875,46977
2015-11-02,389.0,398.0,386.1000061035156,387.25,346.9122314453125,67597
2015-11-03,389.79998779296875,392.75,382.5,385.5,345.3445129394531,42544
2015-11-04,391.79998779296875,391.79998779296875,375.1000061035156,379.0,339.5216064453125,370669
2015-11-05,375.0,384.8999938964844,375.0,375.6000061035156,336.4757080078125,98934
2015-11-06,377.6499938964844,382.6000061035156,368.95001220703125,378.8999938964844,339.4320068359375,35108
2015-11-09,370.0,383.79998779296875,368.0,379.95001220703125,340.3726501464844,25375
2015-11-10,384.79998779296875,384.79998779296875,374.0,380.20001220703125,340.5965881347656,24296
2015-11-13,373.0,386.45001220703125,373.0,376.5,337.281982421875,147107
2015-11-16,378.0,379.0,367.5,369.20001220703125,330.7424011230469,37895
2015-11-17,373.1000061035156,387.0,371.70001220703125,384.79998779296875,344.7174072265625,65789
2015-11-18,383.54998779296875,394.3999938964844,383.0,388.79998779296875,348.3007507324219,63784
2015-11-19,392.0,394.0,384.29998779296875,392.79998779296875,351.88409423828125,27481
2015-11-20,390.0,394.0,383.79998779296875,386.1000061035156,345.88201904296875,19404
2015-11-23,393.95001220703125,393.95001220703125,380.29998779296875,381.8999938964844,342.1195068359375,32961
2015-11-24,380.0,381.6000061035156,376.0,377.8999938964844,338.5361328125,21542
2015-11-26,382.20001220703125,411.5,381.3999938964844,400.1000061035156,358.4237060546875,171159
2015-11-27,404.0,407.95001220703125,397.0,398.54998779296875,357.03515625,47139
2015-11-30,395.0,395.0,380.20001220703125,384.70001220703125,344.6278381347656,105601
2015-12-01,395.0,395.0,386.6499938964844,390.95001220703125,350.226806640625,57807
2015-12-02,390.79998779296875,403.8500061035156,388.6000061035156,400.79998779296875,359.05078125,43303
2015-12-03,398.25,398.5,388.0,391.20001220703125,350.4507751464844,37377
2015-12-04,388.5,401.8500061035156,388.0,395.95001220703125,354.7060241699219,1281151
2015-12-07,400.0,406.20001220703125,398.6499938964844,403.8500061035156,361.7830810546875,49176
2015-12-08,399.3999938964844,408.79998779296875,396.79998779296875,401.8500061035156,359.9914245605469,50546
2015-12-09,400.0,404.3999938964844,393.75,396.8999938964844,355.5570373535156,31647
2015-12-10,401.8999938964844,402.5,395.6000061035156,399.25,357.6622619628906,20479
2015-12-11,400.0,400.0,388.3999938964844,391.5,350.71954345703125,42585
2015-12-14,398.0,398.0,386.25,390.79998779296875,350.0924377441406,30192
2015-12-15,396.95001220703125,396.95001220703125,388.0,389.20001220703125,348.65911865234375,36878
2015-12-16,399.0,399.0,388.0,389.95001220703125,349.33099365234375,98662
2015-12-17,389.75,399.95001220703125,388.5,392.20001220703125,351.34661865234375,64564
2015-12-18,390.0,404.29998779296875,390.0,398.5,356.9903869628906,47209
2015-12-21,395.79998779296875,401.54998779296875,393.6000061035156,400.0,358.3341064453125,25523
2015-12-22,400.0,404.79998779296875,364.0,400.75,359.0059814453125,39955
2015-12-23,404.0,418.5,399.8999938964844,416.6000061035156,373.2049865722656,82624
2015-12-24,420.79998779296875,423.54998779296875,412.0,414.3999938964844,371.234130859375,40367
2015-12-28,414.95001220703125,423.0,412.3999938964844,418.95001220703125,375.31024169921875,38847
2015-12-29,415.0,417.0,412.0,415.20001220703125,371.9508361816406,13260
2015-12-30,416.0,436.3999938964844,416.0,426.1499938964844,381.76019287109375,62595
2015-12-31,426.1499938964844,435.0,424.25,428.3500061035156,383.7310791015625,29226
2016-01-01,424.0,428.1499938964844,422.0,427.1000061035156,382.6112976074219,18184
2016-01-04,424.0,433.3999938964844,421.04998779296875,430.29998779296875,385.4779357910156,28503
2016-01-05,429.29998779296875,433.6000061035156,419.0,420.3999938964844,376.609130859375,27186
2016-01-06,418.3500061035156,426.0,409.54998779296875,410.45001220703125,367.69561767578125,58072
2016-01-07,409.1499938964844,414.20001220703125,397.29998779296875,400.04998779296875,358.37890625,52884
2016-01-08,402.3999938964844,411.79998779296875,394.04998779296875,399.1000061035156,357.5278625488281,19269
2016-01-11,392.0,402.6499938964844,387.04998779296875,395.20001220703125,354.03411865234375,16934
2016-01-12,402.0,402.0,385.6000061035156,395.3999938964844,354.2132873535156,49597
2016-01-13,400.0,404.6000061035156,395.0,397.79998779296875,356.36328125,16561
2016-01-14,378.20001220703125,398.0,378.20001220703125,394.95001220703125,353.8101806640625,20924
2016-01-15,395.0,397.0,385.79998779296875,388.75,348.2559814453125,12763
2016-01-18,387.5,389.95001220703125,363.5,376.29998779296875,337.10284423828125,26301
2016-01-19,370.29998779296875,378.25,368.1499938964844,373.6499938964844,334.7288513183594,19721
2016-01-20,372.0,374.8500061035156,349.5,353.70001220703125,316.8569641113281,32907
2016-01-21,354.5,370.0,353.70001220703125,362.70001220703125,324.91949462890625,60429
2016-01-22,363.0,366.45001220703125,354.04998779296875,362.45001220703125,324.69549560546875,91594
2016-01-25,371.70001220703125,375.70001220703125,364.8500061035156,365.79998779296875,327.696533203125,60277
2016-01-27,367.0,388.5,367.0,381.8999938964844,342.1195068359375,74878
2016-01-28,373.0,376.0,361.0,369.79998779296875,331.2798767089844,100709
2016-01-29,368.54998779296875,368.6499938964844,358.25,360.70001220703125,323.1278076171875,67341
2016-02-01,379.25,379.25,345.95001220703125,369.3999938964844,330.92156982421875,69526
2016-02-02,372.54998779296875,376.54998779296875,363.0,367.29998779296875,329.040283203125,43491
2016-02-03,367.29998779296875,370.0,354.20001220703125,356.1499938964844,319.0517578125,121415
2016-02-04,363.29998779296875,363.29998779296875,354.8999938964844,355.8999938964844,318.8277893066406,30820
2016-02-05,360.0,366.54998779296875,355.3999938964844,364.70001220703125,326.7111511230469,139700
2016-02-08,362.5,369.1499938964844,360.5,366.1000061035156,327.96533203125,16647
2016-02-09,359.79998779296875,363.6499938964844,356.0,357.25,320.03717041015625,15069
2016-02-10,370.0,370.0,345.0,354.20001220703125,317.3049011230469,14668
2016-02-11,350.1000061035156,369.0,350.1000061035156,355.1000061035156,318.11114501953125,44757
2016-02-12,360.0,390.6000061035156,360.0,384.54998779296875,344.4934387207031,124246
2016-02-15,387.95001220703125,393.0,381.0,387.95001220703125,347.5393371582031,26519
2016-02-16,388.0,393.6499938964844,356.70001220703125,363.1499938964844,325.3226013183594,65303
2016-02-17,363.0,365.54998779296875,349.3999938964844,352.70001220703125,315.9611511230469,44634
2016-02-18,359.0,366.3500061035156,358.1000061035156,364.6000061035156,326.6215515136719,22973
2016-02-19,364.0,374.79998779296875,359.25,372.70001220703125,333.8778076171875,20525
2016-02-22,372.6000061035156,377.0,371.3999938964844,375.3999938964844,336.29656982421875,24863
2016-02-23,382.0,385.3999938964844,372.0,376.1000061035156,336.92364501953125,45191
2016-02-24,383.0,383.0,357.3999938964844,359.8500061035156,322.3663635253906,39917
2016-02-25,360.79998779296875,364.6000061035156,353.20001220703125,360.79998779296875,323.2173767089844,19531
2016-02-26,365.0,367.6000061035156,361.5,364.79998779296875,326.80072021484375,30150
2016-02-29,366.04998779296875,373.3999938964844,353.3999938964844,356.70001220703125,319.5444641113281,41254
2016-03-01,358.8999938964844,375.5,358.3999938964844,374.0,335.04241943359375,41784
2016-03-02,381.95001220703125,381.95001220703125,363.20001220703125,367.8999938964844,329.5777893066406,39056
2016-03-03,369.70001220703125,374.5,363.95001220703125,368.70001220703125,330.29449462890625,28164
2016-03-04,366.0,373.0,366.0,371.1499938964844,332.4892578125,7362
2016-03-08,374.95001220703125,380.04998779296875,369.0,377.75,338.40179443359375,22532
2016-03-09,379.1000061035156,380.0,372.0,378.29998779296875,338.89447021484375,16825
2016-03-10,377.6000061035156,380.79998779296875,375.70001220703125,378.6000061035156,339.16326904296875,15283
2016-03-11,378.1499938964844,382.0,373.29998779296875,377.95001220703125,338.5809631347656,24999
2016-03-14,379.75,381.6499938964844,377.95001220703125,380.6000061035156,340.9549255371094,434791
2016-03-15,377.95001220703125,377.95001220703125,366.79998779296875,370.79998779296875,332.1756896972656,54305
2016-03-16,369.04998779296875,370.29998779296875,358.8500061035156,367.25,328.9955139160156,50145
2016-03-17,368.79998779296875,373.70001220703125,366.29998779296875,370.45001220703125,331.8622131347656,10758
2016-03-18,371.70001220703125,384.79998779296875,369.5,381.3500061035156,341.62677001953125,517444
2016-03-21,384.0,391.3999938964844,376.8500061035156,385.20001220703125,345.0757751464844,23502
2016-03-22,393.79998779296875,394.6000061035156,379.6000061035156,390.6499938964844,349.95806884765625,38809
2016-03-23,392.6000061035156,392.6000061035156,381.70001220703125,384.95001220703125,344.851806640625,27096
2016-03-28,386.0,386.0,368.70001220703125,373.1499938964844,334.28094482421875,58671
2016-03-29,373.5,389.95001220703125,366.20001220703125,386.8500061035156,346.55389404296875,32386
2016-03-30,395.0,395.1000061035156,374.20001220703125,376.3999938964844,337.1923828125,123185
2016-03-31,378.0,386.0,368.5,382.20001220703125,342.3882751464844,39636
2016-04-01,384.0,390.8999938964844,376.29998779296875,385.20001220703125,345.0757751464844,40153
2016-04-04,386.54998779296875,388.0,374.5,381.6499938964844,341.8955383300781,70097
2016-04-05,381.0,383.54998779296875,372.0,374.45001220703125,335.445556640625,36167
2016-04-06,376.0,376.0,370.20001220703125,371.6000061035156,332.8924255371094,25853
2016-04-07,372.5,374.0,367.70001220703125,372.8500061035156,334.01220703125,38183
2016-04-08,370.0,371.75,367.1000061035156,369.1000061035156,330.6528015136719,28952
2016-04-11,370.0,383.0,368.29998779296875,380.54998779296875,340.9101257324219,45799
2016-04-12,383.6000061035156,386.0,375.04998779296875,383.6499938964844,343.68719482421875,47203
2016-04-13,387.6000061035156,400.0,381.1000061035156,385.04998779296875,344.9413757324219,66518
2016-04-18,388.0,409.8999938964844,388.0,396.29998779296875,355.01953125,82853
2016-04-20,396.0,396.45001220703125,384.1499938964844,386.5,346.2403259277344,51075
2016-04-21,390.0,390.0,370.8999938964844,373.29998779296875,334.4153137207031,102923
2016-04-22,380.0,380.0,370.1000061035156,371.70001220703125,332.98199462890625,46284
2016-04-25,375.0,377.3999938964844,364.0,366.6499938964844,328.4580078125,74203
2016-04-26,370.0,370.20001220703125,361.5,363.79998779296875,325.9048767089844,109896
2016-04-27,375.0,377.79998779296875,371.75,375.3500061035156,336.2518005371094,225612
2016-04-28,378.8999938964844,380.5,370.1000061035156,371.3500061035156,332.66845703125,72434
2016-04-29,373.0,376.25,366.8500061035156,374.79998779296875,335.75909423828125,62006
2016-05-02,376.29998779296875,377.5,371.5,376.1000061035156,336.92364501953125,30853
2016-05-03,378.0,387.5,377.95001220703125,383.0,343.10491943359375,57853
2016-05-04,382.0,383.0,373.54998779296875,374.6000061035156,335.5799255371094,26653
2016-05-05,378.0,378.0,368.0,369.95001220703125,331.414306640625,53866
2016-05-06,367.1000061035156,374.5,367.1000061035156,370.5,331.906982421875,35101
2016-05-09,370.0,379.75,370.0,376.95001220703125,337.68511962890625,27640
2016-05-10,375.0,380.70001220703125,373.45001220703125,379.1000061035156,339.6111755371094,32399
2016-05-11,379.95001220703125,379.95001220703125,369.1499938964844,370.45001220703125,331.8622131347656,52140
2016-05-12,373.0,375.5,370.45001220703125,373.1000061035156,334.2361755371094,32998
2016-05-13,374.95001220703125,375.75,365.0,374.8500061035156,335.8038635253906,37538
2016-05-16,376.5,386.8999938964844,374.20001220703125,384.6499938964844,344.5830383300781,59137
2016-05-17,385.0,391.1499938964844,382.6499938964844,385.45001220703125,345.2997131347656,68662
2016-05-18,383.5,384.79998779296875,378.75,383.20001220703125,343.2840881347656,91046
2016-05-19,379.79998779296875,387.6499938964844,375.0,384.6499938964844,344.5830383300781,51572
2016-05-20,386.5,387.95001220703125,377.1499938964844,378.8500061035156,339.38720703125,66433
2016-05-23,379.0,387.70001220703125,378.1499938964844,383.20001220703125,343.2840881347656,66112
2016-05-24,383.20001220703125,386.45001220703125,381.3500061035156,384.6499938964844,344.5830383300781,36404
2016-05-25,389.0,397.25,386.5,395.95001220703125,354.7060241699219,69426
2016-05-26,398.0,398.0,387.25,389.95001220703125,349.33099365234375,120205
2016-05-27,390.1000061035156,391.75,385.20001220703125,386.6000061035156,346.3299255371094,58564
2016-05-30,387.54998779296875,391.5,385.0,385.6000061035156,345.43408203125,63881
2016-05-31,383.0,384.5,373.54998779296875,375.75,336.610107421875,88367
2016-06-01,375.0,385.79998779296875,375.0,384.8999938964844,344.8070068359375,57032
2016-06-02,387.8500061035156,387.8500061035156,378.79998779296875,381.25,341.5372314453125,69495
2016-06-03,383.45001220703125,385.25,377.6000061035156,384.3999938964844,344.35906982421875,44124
2016-06-06,384.5,386.0,375.6000061035156,376.79998779296875,337.55072021484375,64316
2016-06-07,378.0,378.0,373.20001220703125,374.6000061035156,335.5799255371094,61980
2016-06-08,375.0,380.0,375.0,376.29998779296875,337.10284423828125,64868
2016-06-09,379.8999938964844,380.0,375.04998779296875,375.8999938964844,336.7444763183594,88138
2016-06-10,379.0,379.0,371.79998779296875,374.1499938964844,335.1767883300781,152532
2016-06-13,375.0,380.5,372.45001220703125,378.6000061035156,339.16326904296875,196467
2016-06-14,383.45001220703125,385.5,378.1499938964844,380.3500061035156,340.73095703125,533278
2016-06-15,377.5,377.8999938964844,363.5,365.3500061035156,327.2934265136719,173395
2016-06-16,365.3999938964844,365.70001220703125,344.5,348.1499938964844,311.8850402832031,217179
2016-06-17,350.0,351.8500061035156,334.29998779296875,338.79998779296875,303.509033203125,328855
2016-06-20,336.04998779296875,342.1000061035156,331.1000061035156,340.79998779296875,305.3006591796875,159772
2016-06-21,341.1499938964844,351.54998779296875,339.6000061035156,347.8500061035156,311.6163635253906,131671
2016-06-22,348.0,349.25,335.3999938964844,338.95001220703125,303.64337158203125,102361
2016-06-23,338.20001220703125,339.6499938964844,321.0,322.5,288.9068908691406,379877
2016-06-24,320.0,326.70001220703125,302.1000061035156,324.75,290.9225158691406,201057
2016-06-27,324.0,328.8999938964844,321.0,327.54998779296875,293.4308776855469,2328351
2016-06-28,331.1000061035156,340.5,329.70001220703125,337.5,302.34442138671875,2217833
2016-06-29,344.45001220703125,346.79998779296875,339.8999938964844,344.3999938964844,308.5256652832031,236143
2016-06-30,344.0,347.5,340.8999938964844,344.8999938964844,308.97357177734375,117125
2016-07-01,340.1000061035156,353.29998779296875,340.1000061035156,349.79998779296875,313.3631896972656,128676
2016-07-04,355.0,358.29998779296875,351.3500061035156,355.29998779296875,318.2902526855469,58647
2016-07-05,359.0,361.0,353.54998779296875,358.1499938964844,320.8434143066406,111083
2016-07-07,360.0,360.0,349.1000061035156,350.79998779296875,314.259033203125,80865
2016-07-08,349.0,349.0,340.6499938964844,345.54998779296875,309.555908203125,117230
2016-07-11,350.0,353.1499938964844,347.29998779296875,351.6499938964844,315.0205078125,46740
2016-07-12,353.0,359.0,349.1499938964844,351.1000061035156,314.52777099609375,45260
2016-07-13,354.79998779296875,355.0,344.0,352.04998779296875,315.3787841796875,56767
2016-07-14,352.5,354.04998779296875,350.04998779296875,353.04998779296875,316.2746276855469,37742
2016-07-15,355.0,357.70001220703125,349.6000061035156,353.3999938964844,316.5881652832031,66103
2016-07-18,355.0,359.25,351.70001220703125,357.0,319.8132019042969,58881
2016-07-19,357.25,363.3999938964844,352.1000061035156,357.1000061035156,319.9028015136719,72892
2016-07-20,356.79998779296875,360.95001220703125,353.1000061035156,354.8500061035156,317.8871765136719,29298
2016-07-21,353.3500061035156,355.20001220703125,351.0,352.25,315.5579833984375,32975
2016-07-22,354.0,363.8999938964844,351.6499938964844,361.25,323.6205139160156,58445
2016-07-25,365.0,370.75,361.04998779296875,365.29998779296875,327.2486267089844,46351
2016-07-26,367.0,371.6000061035156,360.5,362.3999938964844,324.6507263183594,1134675
2016-07-27,364.79998779296875,382.79998779296875,362.1000061035156,379.29998779296875,339.7903137207031,192720
2016-07-28,383.79998779296875,412.54998779296875,381.0,398.45001220703125,356.945556640625,227591
2016-07-29,403.0,403.0,392.29998779296875,395.25,354.0788879394531,61121
2016-08-01,397.8999938964844,408.3999938964844,393.8999938964844,396.25,354.9747619628906,105018
2016-08-02,400.79998779296875,406.25,386.3500061035156,387.8999938964844,347.4945068359375,507282
2016-08-03,389.8999938964844,398.70001220703125,388.5,395.04998779296875,353.8997497558594,56668
2016-08-04,397.8999938964844,397.8999938964844,388.5,392.25,351.3913879394531,253612
2016-08-05,394.0,395.3500061035156,388.1499938964844,389.3999938964844,348.8382263183594,52601
2016-08-08,394.0,394.0,379.3999938964844,381.1499938964844,341.4476318359375,46343
2016-08-09,380.0,387.8999938964844,376.5,384.8500061035156,347.4973449707031,49644
2016-08-10,385.0,385.8500061035156,376.45001220703125,378.8999938964844,342.12481689453125,30372
2016-08-11,384.5,384.5,365.75,368.70001220703125,332.91485595703125,45255
2016-08-12,365.3500061035156,374.0,361.75,366.5,330.9283447265625,34812
2016-08-16,370.95001220703125,370.95001220703125,342.79998779296875,350.8500061035156,316.79730224609375,107653
2016-08-17,354.8999938964844,354.8999938964844,346.0,349.0,315.12689208984375,56434
2016-08-18,351.0,351.5,344.6000061035156,348.1499938964844,314.3593444824219,51006
2016-08-19,354.0,354.0,339.3500061035156,342.29998779296875,309.0771484375,69908
2016-08-22,345.20001220703125,347.8500061035156,338.04998779296875,340.25,307.22613525390625,74320
2016-08-23,339.20001220703125,347.54998779296875,338.0,346.04998779296875,312.4631652832031,53706
2016-08-24,348.0,349.5,343.04998779296875,346.3999938964844,312.7792053222656,38088
2016-08-25,354.0,354.0,337.8999938964844,339.25,306.32318115234375,65999
2016-08-26,349.0,349.3999938964844,340.0,346.8500061035156,313.185546875,95491
2016-08-29,347.0,347.0,336.79998779296875,338.0,305.1944885253906,60411
2016-08-30,344.0,345.6000061035156,336.45001220703125,344.70001220703125,311.24420166015625,75313
2016-08-31,347.1000061035156,353.1000061035156,344.79998779296875,350.8999938964844,316.8424072265625,77196
2016-09-01,347.8999938964844,357.0,342.0,343.04998779296875,309.75433349609375,93522
2016-09-02,347.20001220703125,350.6000061035156,340.3999938964844,343.79998779296875,310.4315490722656,82282
2016-09-06,340.1000061035156,348.29998779296875,338.3999938964844,347.1499938964844,313.4564208984375,38633
2016-09-07,347.1499938964844,351.79998779296875,344.6499938964844,349.29998779296875,315.3977355957031,42846
2016-09-08,352.8999938964844,361.0,350.0,356.20001220703125,321.6280517578125,101154
2016-09-09,361.25,363.95001220703125,350.0,351.8999938964844,317.7453918457031,55475
2016-09-12,351.8999938964844,351.8999938964844,341.25,343.8999938964844,310.5218505859375,34880
2016-09-14,343.8500061035156,348.0,340.20001220703125,343.3500061035156,310.0252380371094,33578
2016-09-15,345.1000061035156,347.75,341.3999938964844,343.95001220703125,310.5670166015625,24815
2016-09-16,345.0,354.3500061035156,345.0,350.8999938964844,316.8424072265625,40511
2016-09-19,350.8999938964844,352.25,345.0,349.70001220703125,315.7589416503906,87941
2016-09-20,348.79998779296875,359.29998779296875,345.54998779296875,356.04998779296875,321.4925842285156,38955
2016-09-21,359.8999938964844,374.70001220703125,359.8999938964844,372.8500061035156,336.66204833984375,184489
2016-09-22,375.0,386.54998779296875,371.5,374.79998779296875,338.4227600097656,88859
2016-09-23,377.0,382.79998779296875,368.8500061035156,370.6499938964844,334.6755676269531,66807
2016-09-26,365.54998779296875,371.79998779296875,363.8500061035156,365.3500061035156,329.8899841308594,18760
2016-09-27,365.0,368.8999938964844,355.0,358.45001220703125,323.6596984863281,31282
2016-09-28,358.75,367.0,355.8500061035156,363.1000061035156,327.8583679199219,28134
2016-09-29,363.1499938964844,375.0,359.6000061035156,370.8500061035156,334.85614013671875,78649
2016-09-30,369.0,371.54998779296875,362.0,365.0,329.573974609375,44770
2016-10-03,364.6000061035156,366.3999938964844,357.1499938964844,362.70001220703125,327.4971923828125,35244
2016-10-04,365.0,371.95001220703125,361.8500061035156,369.20001220703125,333.3663024902344,4597749
2016-10-05,369.20001220703125,378.6499938964844,365.29998779296875,376.04998779296875,339.5514221191406,55638
2016-10-06,379.5,385.1499938964844,378.45001220703125,381.1499938964844,344.15643310546875,35935
2016-10-07,381.6499938964844,381.6499938964844,368.0,369.8500061035156,333.9532165527344,26611
2016-10-10,373.0,378.3999938964844,369.8999938964844,376.70001220703125,340.13836669921875,18398
2016-10-13,376.70001220703125,376.70001220703125,369.6000061035156,374.29998779296875,337.9712829589844,22006
2016-10-14,375.04998779296875,380.0,362.70001220703125,364.8999938964844,329.4836120605469,37083
2016-10-17,365.0,365.70001220703125,356.0,358.79998779296875,323.9757080078125,28774
2016-10-18,359.0,363.6000061035156,351.0,355.1499938964844,320.679931640625,65585
2016-10-19,352.54998779296875,362.45001220703125,352.54998779296875,357.95001220703125,323.2082214355469,52115
2016-10-20,360.79998779296875,369.70001220703125,359.8500061035156,366.1499938964844,330.6123046875,45169
2016-10-21,368.79998779296875,369.8500061035156,357.8500061035156,362.5,327.31658935546875,35155
2016-10-24,369.79998779296875,375.0,363.6000061035156,369.8500061035156,333.9532165527344,90773
2016-10-25,399.3999938964844,399.3999938964844,371.25,378.70001220703125,341.94427490234375,2215186
2016-10-26,381.0,382.0,366.1499938964844,370.5,334.54010009765625,52335
2016-10-27,366.95001220703125,366.95001220703125,353.3999938964844,355.45001220703125,320.9508361816406,67549
2016-10-28,353.70001220703125,358.20001220703125,344.6000061035156,347.0,313.3209533691406,63124
2016-11-01,350.0,358.0,348.1000061035156,355.20001220703125,320.7251281738281,41881
2016-11-02,359.8999938964844,371.79998779296875,350.6000061035156,366.6000061035156,331.0186462402344,144761
2016-11-03,368.0,384.3999938964844,366.6000061035156,381.3999938964844,344.3821716308594,127906
2016-11-04,373.54998779296875,381.79998779296875,359.5,364.04998779296875,328.7161560058594,129930
2016-11-07,365.29998779296875,366.45001220703125,353.95001220703125,356.29998779296875,321.71832275390625,67728
2016-11-08,356.79998779296875,365.6000061035156,354.79998779296875,361.70001220703125,326.59423828125,45631
2016-11-09,350.0,368.04998779296875,337.70001220703125,364.20001220703125,328.8515930175781,83523
2016-11-10,363.0,393.25,363.0,387.54998779296875,349.935302734375,84113
2016-11-11,380.0,381.3500061035156,362.20001220703125,366.04998779296875,330.52203369140625,55273
2016-11-15,366.04998779296875,372.8999938964844,354.54998779296875,364.6499938964844,329.2579040527344,1097780
2016-11-16,365.3999938964844,365.95001220703125,355.70001220703125,360.0,325.0592041015625,1119706
2016-11-17,369.0,369.0,354.5,358.6499938964844,323.8402404785156,38440
2016-11-18,359.0,359.0,347.20001220703125,351.79998779296875,317.65509033203125,51264
2016-11-21,353.3500061035156,364.5,350.8500061035156,359.25,324.38201904296875,55924
2016-11-22,361.0,363.79998779296875,357.70001220703125,359.25,324.38201904296875,44797
2016-11-23,359.5,363.75,356.3999938964844,360.0,325.0592041015625,41763
2016-11-24,358.8500061035156,363.8500061035156,355.8500061035156,360.29998779296875,325.330078125,30631
2016-11-25,361.6499938964844,363.3500061035156,353.70001220703125,355.20001220703125,320.7251281738281,30475
2016-11-28,355.1000061035156,366.3500061035156,354.95001220703125,363.3500061035156,328.0841064453125,50323
2016-11-29,364.45001220703125,373.0,364.45001220703125,370.54998779296875,334.5852966308594,34211
2016-11-30,370.5,377.79998779296875,361.0,375.29998779296875,338.8742370605469,52419
2016-12-01,377.70001220703125,395.0,374.45001220703125,386.75,349.2129211425781,176571
2016-12-02,385.0,393.1499938964844,381.5,386.0,348.5357360839844,87437
2016-12-05,380.0,395.20001220703125,379.8999938964844,387.5,349.89013671875,70164
2016-12-06,386.8999938964844,387.70001220703125,377.95001220703125,381.04998779296875,344.066162109375,24258
2016-12-07,380.54998779296875,384.6000061035156,377.0,379.0,342.2151184082031,33471
2016-12-08,380.0,382.54998779296875,369.5,370.6000061035156,334.63043212890625,63582
2016-12-09,370.6499938964844,370.6499938964844,356.0,358.1000061035156,323.3436279296875,143741
2016-12-12,360.0,362.04998779296875,351.0,352.70001220703125,318.4677734375,63217
2016-12-13,355.0,357.3999938964844,351.25,355.5,320.9960021972656,24527
2016-12-14,355.75,361.3999938964844,355.04998779296875,356.8500061035156,322.2149658203125,75447
2016-12-15,355.0,359.0,350.54998779296875,351.75,317.6099548339844,50174
2016-12-16,355.3999938964844,357.20001220703125,351.75,355.8999938964844,321.3571472167969,49082
2016-12-19,356.0,356.0,343.54998779296875,345.20001220703125,311.6957092285156,58938
2016-12-20,344.0,349.8999938964844,341.79998779296875,345.29998779296875,311.78594970703125,43426
2016-12-21,347.8999938964844,349.0,334.5,336.1000061035156,303.4788818359375,68655
2016-12-22,334.75,340.1000061035156,334.75,337.20001220703125,304.4721374511719,65831
2016-12-23,335.95001220703125,339.25,332.0,336.45001220703125,303.7949523925781,38910
2016-12-26,337.1000061035156,338.25,325.20001220703125,326.3999938964844,294.7203369140625,47219
2016-12-27,326.0,333.6000061035156,325.1000061035156,331.6499938964844,299.4607849121094,21498
2016-12-28,333.79998779296875,345.0,333.54998779296875,339.29998779296875,306.3683166503906,73788
2016-12-29,338.95001220703125,343.6499938964844,338.95001220703125,341.8500061035156,308.67083740234375,31322
2016-12-30,343.0,345.20001220703125,337.3500061035156,343.6499938964844,310.2961120605469,38124
2017-01-02,344.8500061035156,345.79998779296875,342.20001220703125,343.70001220703125,310.3412780761719,28545
2017-01-03,345.04998779296875,345.29998779296875,338.3500061035156,341.8999938964844,308.7159729003906,43007
2017-01-04,342.5,353.6499938964844,337.54998779296875,352.54998779296875,318.3323059082031,60103
2017-01-05,351.0,352.6000061035156,343.1499938964844,349.75,315.8040771484375,66888
2017-01-06,351.6499938964844,357.3999938964844,351.6000061035156,354.1499938964844,319.7770080566406,37974
2017-01-09,352.8500061035156,353.29998779296875,349.3999938964844,350.20001220703125,316.2104187011719,14842
2017-01-10,350.8500061035156,355.3500061035156,349.5,353.79998779296875,319.4609375,15282
2017-01-11,354.04998779296875,357.5,351.25,352.6499938964844,318.422607421875,30718
2017-01-12,356.95001220703125,361.0,353.3999938964844,357.79998779296875,323.07275390625,51442
2017-01-13,357.79998779296875,358.04998779296875,351.5,353.95001220703125,319.596435546875,25710
2017-01-16,353.1499938964844,358.70001220703125,352.8500061035156,355.75,321.2217102050781,19956
2017-01-17,357.8500061035156,358.20001220703125,350.5,353.20001220703125,318.9192199707031,23173
2017-01-18,354.0,354.20001220703125,349.5,350.3500061035156,316.3458557128906,15744
2017-01-19,351.8500061035156,359.79998779296875,349.5,358.3999938964844,323.614501953125,41748
2017-01-20,356.45001220703125,356.45001220703125,350.25,353.20001220703125,318.9192199707031,25031
2017-01-23,351.79998779296875,351.79998779296875,346.29998779296875,347.54998779296875,313.8175964355469,29722
2017-01-24,351.0,354.70001220703125,344.95001220703125,350.75,316.7070007324219,364098
2017-01-25,353.54998779296875,353.6499938964844,349.0,351.3500061035156,317.248779296875,19893
2017-01-27,351.8500061035156,356.70001220703125,351.79998779296875,353.75,319.41583251953125,434267
2017-01-30,353.0,355.54998779296875,327.1000061035156,328.75,296.84228515625,559356
2017-01-31,330.5,331.0,283.1000061035156,293.6499938964844,265.14898681640625,1260966
2017-02-01,293.8999938964844,303.29998779296875,290.25,295.29998779296875,266.63885498046875,2356715
2017-02-02,296.0,296.0,287.0,292.20001220703125,263.8397521972656,1249630
2017-02-03,292.54998779296875,303.8999938964844,292.54998779296875,299.75,270.6569519042969,274966
2017-02-06,302.1000061035156,307.8500061035156,300.95001220703125,304.6000061035156,275.0362243652344,159757
2017-02-07,308.0,312.3500061035156,300.25,302.04998779296875,272.73370361328125,211090
2017-02-08,300.5,310.79998779296875,299.95001220703125,310.1000061035156,280.00238037109375,170825
2017-02-09,312.0,322.0,308.75,319.1000061035156,288.1288757324219,237059
2017-02-10,320.5,323.5,314.1499938964844,316.20001220703125,285.5103454589844,93254
2017-02-13,322.0,324.5,317.3999938964844,320.1499938964844,289.07696533203125,77310
2017-02-14,322.8999938964844,323.0,315.70001220703125,318.29998779296875,287.4065246582031,55253
2017-02-15,319.3500061035156,326.70001220703125,318.04998779296875,322.3999938964844,291.10858154296875,910306
2017-02-16,323.70001220703125,323.70001220703125,317.0,319.6499938964844,288.6255187988281,43489
2017-02-17,324.0,324.0,307.04998779296875,309.20001220703125,279.18975830078125,146998
2017-02-20,308.0,310.0,306.45001220703125,308.75,278.783447265625,44196
2017-02-21,308.95001220703125,309.3500061035156,294.3500061035156,295.6000061035156,266.90972900390625,1262836
2017-02-22,299.25,303.0,297.25,300.3999938964844,271.2438659667969,114230
2017-02-23,301.95001220703125,303.6000061035156,296.04998779296875,298.1000061035156,269.1671142578125,130809
2017-02-27,298.1000061035156,300.75,287.29998779296875,288.1499938964844,260.1828308105469,403866
2017-02-28,288.8999938964844,294.0,283.1000061035156,284.54998779296875,256.9322204589844,315985
2017-03-01,286.0,292.29998779296875,285.8999938964844,289.3500061035156,261.266357421875,405701
2017-03-02,290.0,293.79998779296875,288.0,289.8999938964844,261.7629699707031,1225482
2017-03-03,293.0,310.20001220703125,293.0,308.29998779296875,278.3771057128906,760851
2017-03-06,308.3999938964844,312.75,306.25,309.95001220703125,279.8669738769531,365254
2017-03-07,309.70001220703125,314.8999938964844,309.25,310.3500061035156,280.2281188964844,471163
2017-03-08,309.70001220703125,311.1000061035156,307.29998779296875,309.45001220703125,279.4154968261719,91550
2017-03-09,308.5,308.5,303.0,305.1000061035156,275.4877014160156,52434
2017-03-10,306.45001220703125,312.79998779296875,306.45001220703125,308.3999938964844,278.4673767089844,527084
2017-03-14,313.0,314.29998779296875,307.75,310.29998779296875,280.1829833984375,112828
2017-03-15,310.6000061035156,313.0,308.0,309.04998779296875,279.0542907714844,242322
2017-03-16,312.1000061035156,314.0,309.3500061035156,309.95001220703125,279.8669738769531,63016
2017-03-17,309.5,311.1499938964844,305.6000061035156,309.45001220703125,279.4154968261719,86792
2017-03-20,309.3999938964844,314.3500061035156,305.0,308.75,278.783447265625,81310
2017-03-21,311.29998779296875,314.25,310.5,313.0,282.62091064453125,104064
2017-03-22,312.0,316.8500061035156,310.70001220703125,312.6499938964844,282.3049011230469,164417
2017-03-23,316.0,316.29998779296875,312.79998779296875,313.5,283.0724182128906,31277
2017-03-24,314.0,314.6000061035156,309.0,310.25,280.1378479003906,54858
2017-03-27,313.0,314.6000061035156,308.0,312.54998779296875,282.214599609375,1763488
2017-03-28,314.8500061035156,325.0,313.8500061035156,318.75,287.8128662109375,192640600
2017-03-29,320.0,340.3999938964844,320.0,335.8500061035156,303.2531433105469,210280900
2017-03-30,338.0,339.79998779296875,331.1499938964844,336.6000061035156,303.9303894042969,174454
2017-03-31,330.0,330.0,323.0,325.45001220703125,304.72625732421875,146295
2017-04-03,326.0,332.0,318.6499938964844,328.04998779296875,307.1606750488281,115414
2017-04-05,330.0,343.25,328.79998779296875,338.1499938964844,316.6175537109375,195993
2017-04-06,336.0,341.0,327.20001220703125,339.1499938964844,317.5538635253906,118623
2017-04-07,336.0,348.70001220703125,334.3999938964844,347.6000061035156,325.4658203125,96733
2017-04-10,345.0,360.29998779296875,345.0,357.0,334.2672424316406,157497
2017-04-11,355.0,362.79998779296875,353.3500061035156,355.3999938964844,332.76910400390625,108396
2017-04-12,355.70001220703125,371.75,352.54998779296875,366.79998779296875,343.44317626953125,383868
2017-04-13,370.1499938964844,370.75,350.6499938964844,354.8999938964844,332.3009338378906,101323
2017-04-17,354.5,354.79998779296875,340.70001220703125,344.3500061035156,322.4227294921875,90727
2017-04-18,349.0,350.70001220703125,331.1499938964844,338.95001220703125,317.3666076660156,95865
2017-04-19,340.0,347.75,334.45001220703125,346.6000061035156,324.52947998046875,94483
2017-04-20,348.0,348.0,342.0,342.70001220703125,320.8778381347656,78903
2017-04-21,349.95001220703125,356.0,346.3999938964844,353.20001220703125,330.709228515625,147181
2017-04-24,356.0,360.3999938964844,350.0,358.54998779296875,335.718505859375,338879
2017-04-25,360.0,377.95001220703125,358.6000061035156,375.3500061035156,351.4487609863281,167135
2017-04-26,378.0,378.0,363.0,365.54998779296875,342.2727966308594,499142
2017-04-27,363.95001220703125,369.5,361.6000061035156,365.1000061035156,341.8514404296875,397480
2017-04-28,368.20001220703125,368.20001220703125,353.20001220703125,354.79998779296875,332.20733642578125,124488
2017-05-02,355.0,359.1000061035156,350.0,354.70001220703125,332.11370849609375,109009
2017-05-03,354.70001220703125,365.20001220703125,354.1499938964844,362.0,338.9488525390625,296552
2017-05-04,363.04998779296875,365.45001220703125,357.8999938964844,361.95001220703125,338.90203857421875,47857
2017-05-05,361.3500061035156,369.79998779296875,358.6499938964844,366.1000061035156,342.78778076171875,51233
2017-05-08,369.0,375.0,362.3999938964844,364.1000061035156,340.9151306152344,77618
2017-05-09,356.0,370.70001220703125,356.0,365.45001220703125,342.1791687011719,131731
2017-05-10,363.0,368.8500061035156,362.3999938964844,366.75,343.3963928222656,55651
2017-05-11,370.0,381.70001220703125,367.0,378.6000061035156,354.4918212890625,148908
2017-05-12,378.79998779296875,379.6499938964844,370.04998779296875,374.45001220703125,350.6060791015625,94702
2017-05-15,372.6499938964844,375.6000061035156,368.79998779296875,371.1499938964844,347.5162048339844,237104
2017-05-16,371.8500061035156,380.6499938964844,370.79998779296875,375.95001220703125,352.01055908203125,1543918
2017-05-17,377.8500061035156,396.20001220703125,375.20001220703125,390.20001220703125,365.3531799316406,88973
2017-05-18,389.0,389.0,376.95001220703125,378.6499938964844,354.5386047363281,68375
2017-05-19,380.8500061035156,387.0,374.8999938964844,379.04998779296875,354.91314697265625,77087
2017-05-22,379.04998779296875,388.29998779296875,376.54998779296875,386.5,361.88873291015625,113861
2017-05-23,385.95001220703125,390.0,378.1000061035156,379.20001220703125,355.0535888671875,80346
2017-05-24,379.0,381.8999938964844,367.1000061035156,368.6000061035156,345.1285705566406,70692
2017-05-25,369.0,375.79998779296875,366.5,373.3500061035156,349.57611083984375,81775
2017-05-26,370.0,377.1000061035156,366.6000061035156,369.8999938964844,346.3457946777344,74900
2017-05-29,370.0,381.20001220703125,368.3500061035156,379.54998779296875,355.3813171386719,65612
2017-05-30,380.0,380.0,365.8999938964844,372.79998779296875,349.0611267089844,51374
2017-05-31,373.6499938964844,373.6499938964844,360.75,367.79998779296875,344.3794860839844,91704
2017-06-01,371.5,379.3999938964844,370.25,375.8999938964844,351.9637451171875,61768
2017-06-02,377.0,382.79998779296875,371.6499938964844,373.8500061035156,350.0442810058594,67684
2017-06-05,378.0,384.79998779296875,376.0,381.6000061035156,357.30078125,89830
2017-06-06,384.70001220703125,389.0,380.0,384.3500061035156,359.8756408691406,65280
2017-06-07,387.0,389.0,379.0,382.8500061035156,358.4711608886719,48040
2017-06-08,380.25,382.25,374.70001220703125,379.5,355.33447265625,41305
2017-06-09,381.3500061035156,384.75,377.1000061035156,382.3500061035156,358.0030212402344,53617
2017-06-12,379.0,385.0,377.0,383.45001220703125,359.0329895019531,60655
2017-06-13,384.04998779296875,389.0,380.0,384.04998779296875,359.5947570800781,1334011
2017-06-14,383.8500061035156,386.95001220703125,381.54998779296875,385.70001220703125,361.13970947265625,80727
2017-06-15,385.79998779296875,388.3999938964844,370.79998779296875,374.75,350.886962890625,148244
2017-06-16,377.0,384.5,373.1000061035156,374.79998779296875,350.93377685546875,78806
2017-06-19,378.5,383.79998779296875,374.5,376.45001220703125,352.4787292480469,41357
2017-06-20,378.0,381.6000061035156,375.45001220703125,377.29998779296875,353.2745666503906,55172
2017-06-21,378.1000061035156,378.1000061035156,369.54998779296875,371.5,347.8439025878906,38008
2017-06-22,371.5,376.20001220703125,371.5,375.0,351.12103271484375,69712
2017-06-23,376.0,378.3500061035156,371.0,372.25,348.5461730957031,64140
2017-06-27,372.6499938964844,375.79998779296875,369.1499938964844,373.5,349.716552734375,83151
2017-06-28,373.6000061035156,379.0,372.0,376.45001220703125,352.4787292480469,41070
2017-06-29,377.1000061035156,382.04998779296875,373.6000061035156,378.3500061035156,354.25775146484375,166755
2017-06-30,374.79998779296875,376.70001220703125,371.29998779296875,374.5,350.65289306640625,33011
2017-07-03,375.79998779296875,399.8999938964844,374.75,397.95001220703125,372.60968017578125,163842
2017-07-04,398.04998779296875,405.75,397.6000061035156,401.1499938964844,375.60589599609375,98750
2017-07-05,402.5,405.25,399.20001220703125,402.29998779296875,376.6826171875,31039
2017-07-06,404.6000061035156,418.0,399.20001220703125,415.0,388.5739440917969,132766
2017-07-07,411.1000061035156,413.0,402.6000061035156,403.95001220703125,378.22760009765625,46663
2017-07-10,404.0,412.5,402.0,410.04998779296875,383.9391174316406,592216
2017-07-11,410.0,414.0,405.25,409.5,383.4241638183594,75598
2017-07-12,410.0,422.3500061035156,405.45001220703125,420.8500061035156,394.05145263671875,183297
2017-07-13,420.0,421.3500061035156,407.3500061035156,410.75,384.5945739746094,165228
2017-07-14,412.25,420.0,408.79998779296875,418.45001220703125,391.80426025390625,66193
2017-07-17,417.8500061035156,420.0,416.25,418.45001220703125,391.80426025390625,108531
2017-07-18,418.0,424.1000061035156,415.8999938964844,417.8500061035156,391.24249267578125,38341
2017-07-19,418.95001220703125,439.0,412.0,414.95001220703125,388.52716064453125,37487
2017-07-20,411.95001220703125,414.79998779296875,404.1000061035156,405.70001220703125,383.5636291503906,44779
2017-07-21,407.0,411.95001220703125,401.5,410.25,387.8653259277344,173186
2017-07-24,414.8999938964844,415.0,403.3500061035156,409.5,387.15625,59682
2017-07-25,416.8999938964844,424.6000061035156,414.04998779296875,416.54998779296875,393.8215637207031,135177
2017-07-26,411.6000061035156,415.1499938964844,408.29998779296875,413.95001220703125,391.36346435546875,25179
2017-07-27,411.1000061035156,414.0,409.54998779296875,410.8500061035156,388.4326171875,19099
2017-07-28,411.8999938964844,411.8999938964844,398.0,403.70001220703125,381.6727294921875,29615
2017-07-31,392.0,408.0,392.0,401.70001220703125,379.7818603515625,60294
2017-08-01,400.3500061035156,407.0,400.0,402.95001220703125,380.9636535644531,26160
2017-08-02,400.0,406.0,395.5,398.20001220703125,376.47283935546875,136700
2017-08-03,395.0,407.29998779296875,395.0,403.8500061035156,381.8145446777344,377076
2017-08-04,401.95001220703125,408.45001220703125,399.95001220703125,406.25,384.0835876464844,52795
2017-08-07,406.6000061035156,408.0,396.0,397.8999938964844,376.1891784667969,61514
2017-08-08,388.95001220703125,389.0,378.5,382.04998779296875,361.2040100097656,89766310
2017-08-09,380.0,385.5,379.0,381.3500061035156,360.542236328125,79025
2017-08-10,381.3500061035156,387.3999938964844,379.8999938964844,382.3500061035156,361.4876708984375,61364
2017-08-11,382.0,383.75,377.95001220703125,382.29998779296875,361.44036865234375,77264
2017-08-14,382.54998779296875,383.29998779296875,377.70001220703125,378.8999938964844,358.22589111328125,66448
2017-08-16,381.54998779296875,383.6499938964844,377.95001220703125,383.0,362.1022033691406,49852
2017-08-17,385.0,387.29998779296875,378.0,379.04998779296875,358.3677062988281,24421
2017-08-18,381.3500061035156,396.20001220703125,381.3500061035156,394.45001220703125,372.9274597167969,114195
2017-08-21,395.04998779296875,396.5,382.6000061035156,385.95001220703125,364.8912353515625,38964
2017-08-22,387.3999938964844,396.3999938964844,385.8500061035156,387.29998779296875,366.1675720214844,77440
2017-08-23,388.0,389.0,381.0,382.8999938964844,362.00762939453125,35943
2017-08-24,382.0,387.54998779296875,380.54998779296875,383.6000061035156,362.6694641113281,30217
2017-08-28,387.0,388.75,383.25,386.8999938964844,365.7893981933594,21859
2017-08-29,385.0,385.0,377.29998779296875,380.1499938964844,359.4076843261719,23287
2017-08-30,380.1000061035156,385.8500061035156,380.0,384.75,363.7567138671875,14189
2017-08-31,386.8999938964844,386.8999938964844,368.45001220703125,377.75,357.1386413574219,69894
2017-09-01,377.8500061035156,381.25,375.3500061035156,379.75,359.0295104980469,34017
2017-09-04,377.0,380.45001220703125,376.0,377.25,356.6659240722656,52187
2017-09-05,386.0,386.0,369.0,372.0,351.702392578125,35006
2017-09-06,370.20001220703125,373.25,367.45001220703125,371.04998779296875,350.8042297363281,27797
2017-09-07,373.0,373.0,368.20001220703125,370.04998779296875,349.8587646484375,28068
2017-09-08,374.04998779296875,374.04998779296875,369.0,370.6499938964844,350.4260559082031,80171
2017-09-11,371.3999938964844,371.8999938964844,367.0,369.04998779296875,348.913330078125,280494
2017-09-12,369.5,370.5,364.25,370.04998779296875,349.8587646484375,63717
2017-09-13,370.5,374.1000061035156,367.20001220703125,370.54998779296875,350.3315124511719,75296
2017-09-14,384.0,384.0,368.6499938964844,369.5,349.33880615234375,17763
2017-09-15,375.0,382.75,369.5,373.1499938964844,352.7896423339844,142808
2017-09-18,378.6000061035156,391.70001220703125,375.8999938964844,388.1000061035156,366.9239196777344,59723
2017-09-19,396.0,398.5,388.0,397.0,375.33831787109375,74814
2017-09-20,399.0,400.6499938964844,392.79998779296875,393.3999938964844,371.9347229003906,48872
2017-09-21,395.0,399.0,386.1499938964844,387.3500061035156,366.21484375,60527
2017-09-22,386.1499938964844,394.3999938964844,385.45001220703125,389.6000061035156,368.3420715332031,45492
2017-09-25,389.6000061035156,396.70001220703125,388.0,389.79998779296875,368.5311584472656,69431
2017-09-26,392.0,392.8999938964844,374.0,376.20001220703125,355.6732482910156,27652
2017-09-27,378.6000061035156,384.25,376.75,381.45001220703125,360.63677978515625,40811
2017-09-28,382.0,395.20001220703125,375.0,392.6000061035156,371.1783752441406,49276
2017-09-29,396.0,411.0,392.6499938964844,398.25,376.5201110839844,135681
2017-10-03,400.0,410.25,400.0,408.79998779296875,386.49444580078125,61925
2017-10-04,409.70001220703125,418.75,408.45001220703125,416.79998779296875,394.05792236328125,46982
2017-10-05,411.6000061035156,411.6000061035156,403.20001220703125,404.8500061035156,382.7599792480469,41571
2017-10-06,404.04998779296875,408.6499938964844,398.5,400.0,378.17462158203125,30442
2017-10-09,401.25,406.0,397.79998779296875,399.1000061035156,377.32373046875,18632
2017-10-10,400.0,404.3999938964844,399.1000061035156,400.20001220703125,378.36370849609375,19646
2017-10-11,407.95001220703125,413.79998779296875,402.95001220703125,410.6000061035156,388.1962585449219,69060
2017-10-12,413.0,438.1000061035156,405.95001220703125,432.54998779296875,408.9485778808594,359849
2017-10-13,432.29998779296875,453.79998779296875,428.29998779296875,450.1499938964844,425.5882568359375,221004
2017-10-16,452.1000061035156,473.70001220703125,450.45001220703125,471.25,445.5369567871094,121117
2017-10-17,467.29998779296875,481.8999938964844,467.1000061035156,478.20001220703125,452.1077575683594,82128
2017-10-18,478.0,480.1000061035156,459.54998779296875,460.8500061035156,435.7044372558594,54544
2017-10-19,470.0,470.0,458.1000061035156,460.5,435.37353515625,14019
2017-10-23,459.79998779296875,462.0,445.54998779296875,448.95001220703125,424.4537353515625,84137
2017-10-24,450.25,459.3999938964844,438.75,452.5,427.8100280761719,61615
2017-10-25,456.0,464.3500061035156,449.8500061035156,452.04998779296875,427.38458251953125,1432902
2017-10-26,451.8500061035156,469.79998779296875,436.5,455.70001220703125,430.83544921875,1180367
2017-10-27,456.0,456.0,415.75,419.3500061035156,396.46881103515625,6964795
2017-10-30,424.0,435.20001220703125,422.0,429.8999938964844,406.44317626953125,135018
2017-10-31,432.8999938964844,448.0,419.3999938964844,441.95001220703125,417.835693359375,6040315
2017-11-01,445.0,447.3999938964844,423.0,427.04998779296875,403.7486572265625,138075
2017-11-02,432.8999938964844,432.8999938964844,415.5,418.54998779296875,395.71246337890625,6847128
2017-11-03,416.5,421.20001220703125,412.6499938964844,413.79998779296875,391.22161865234375,70307
2017-11-06,417.54998779296875,428.1499938964844,413.8999938964844,423.20001220703125,400.1087646484375,89971
2017-11-07,424.0,432.5,420.95001220703125,427.3500061035156,404.0323181152344,84653
2017-11-08,428.0,439.79998779296875,428.0,433.20001220703125,409.5631103515625,87950
2017-11-09,426.0,443.29998779296875,424.5,428.04998779296875,404.694091796875,45834
2017-11-10,421.1000061035156,432.3500061035156,420.54998779296875,425.3500061035156,402.1414489746094,52091
2017-11-13,428.3999938964844,428.3999938964844,406.0,411.1000061035156,388.6689758300781,133576
2017-11-14,405.8999938964844,406.79998779296875,392.0,397.0,375.33831787109375,5788304
2017-11-15,396.3500061035156,399.25,375.04998779296875,377.8999938964844,357.28045654296875,143173
2017-11-16,382.29998779296875,392.6000061035156,380.3999938964844,384.79998779296875,363.803955078125,141786
2017-11-17,388.20001220703125,388.5,376.8999938964844,380.29998779296875,359.54949951171875,99231
2017-11-20,382.0,392.75,381.54998779296875,383.75,362.811279296875,255076
2017-11-21,385.25,385.8500061035156,381.20001220703125,383.29998779296875,362.38580322265625,132678
2017-11-22,388.0,388.0,373.70001220703125,376.3500061035156,355.8150329589844,210729
2017-11-23,378.0,386.0,370.79998779296875,374.3500061035156,353.9241638183594,243921
2017-11-24,375.29998779296875,381.95001220703125,375.29998779296875,380.6499938964844,359.8804016113281,127144
2017-11-27,377.0,387.54998779296875,377.0,386.20001220703125,365.1275939941406,120485
2017-11-28,386.75,387.70001220703125,375.6000061035156,377.70001220703125,357.0914001464844,321417
2017-11-29,379.0,385.3999938964844,376.3999938964844,383.8999938964844,362.9530944824219,1612975
2017-11-30,384.0,389.3500061035156,380.29998779296875,383.1499938964844,362.2440185546875,122802
2017-12-01,382.0,387.6000061035156,382.0,384.5,363.5203552246094,88629
2017-12-04,387.5,388.0,373.1499938964844,375.75,355.2477722167969,22109
2017-12-05,375.0,379.70001220703125,370.04998779296875,378.04998779296875,357.4222717285156,58047
2017-12-06,376.1499938964844,377.0,366.54998779296875,369.6000061035156,349.433349609375,40535
2017-12-07,366.5,384.25,366.5,381.95001220703125,361.1094970703125,58163
2017-12-08,380.20001220703125,380.3500061035156,372.0,373.5,353.12054443359375,2655630
2017-12-11,377.3500061035156,377.79998779296875,367.0,367.95001220703125,347.8733825683594,94855
2017-12-12,368.1000061035156,368.25,354.20001220703125,355.3500061035156,335.96087646484375,106987
2017-12-13,359.79998779296875,363.0,356.0,357.70001220703125,338.1826477050781,118323
2017-12-14,355.1499938964844,362.0,355.1499938964844,358.04998779296875,338.5135498046875,90102
2017-12-15,358.3999938964844,361.29998779296875,353.3999938964844,354.70001220703125,335.3463439941406,75903
2017-12-18,355.0,361.5,347.6000061035156,357.5,337.9935607910156,61540
2017-12-19,358.0,363.45001220703125,358.0,362.1000061035156,342.34259033203125,36552
2017-12-20,362.0,366.54998779296875,362.0,364.20001220703125,344.3280029296875,69001
2017-12-21,364.1000061035156,365.6000061035156,360.0,361.3500061035156,341.63348388671875,307235
2017-12-22,360.54998779296875,365.04998779296875,358.70001220703125,363.70001220703125,343.85528564453125,56668
2017-12-26,363.5,370.0,363.0,369.04998779296875,348.913330078125,35553
2017-12-27,367.5,370.95001220703125,361.95001220703125,366.79998779296875,346.7861022949219,68976
2017-12-28,370.0,371.04998779296875,365.25,368.0,347.920654296875,91943
2017-12-29,367.6000061035156,379.5,367.0,377.6499938964844,357.0440979003906,82276
2018-01-01,377.8500061035156,378.6499938964844,368.6000061035156,370.04998779296875,349.8587646484375,49038
2018-01-02,369.0,379.8999938964844,369.0,377.8500061035156,357.23321533203125,70690
2018-01-03,379.0,383.0,376.1499938964844,377.6499938964844,357.0440979003906,38874
2018-01-04,380.0,381.0,377.1000061035156,378.04998779296875,357.4222717285156,524334
2018-01-05,384.0,384.0,371.1000061035156,372.6499938964844,352.3169250488281,63617
2018-01-08,374.0,376.3999938964844,372.1000061035156,373.75,353.3569030761719,61921
2018-01-09,373.5,376.75,367.25,368.0,347.920654296875,40035
2018-01-10,369.0,372.75,364.3999938964844,370.1499938964844,349.9533386230469,51715
2018-01-11,370.75,371.0,364.04998779296875,367.8999938964844,347.82611083984375,49222
2018-01-12,367.8999938964844,375.29998779296875,364.6499938964844,373.70001220703125,353.30963134765625,65624
2018-01-15,373.29998779296875,378.1499938964844,364.1499938964844,369.1000061035156,348.96063232421875,33160
2018-01-16,376.70001220703125,376.70001220703125,365.8500061035156,367.04998779296875,347.0224609375,50310
2018-01-17,367.04998779296875,372.8500061035156,360.8999938964844,366.3999938964844,346.4079284667969,69248
2018-01-18,364.3500061035156,364.3500061035156,341.75,343.8500061035156,325.0883483886719,311895
2018-01-19,346.0,348.29998779296875,339.3999938964844,346.3999938964844,327.49920654296875,95965
2018-01-22,347.0,348.6000061035156,339.95001220703125,343.20001220703125,324.47381591796875,587589
2018-01-23,344.5,345.1499938964844,338.0,339.25,320.7393493652344,57884
2018-01-24,340.0,346.0,338.6000061035156,342.45001220703125,323.7647399902344,45187
2018-01-25,339.0,348.6000061035156,339.0,343.79998779296875,325.04107666015625,50482
2018-01-29,342.0,355.5,341.0,354.1000061035156,334.7790832519531,137456
2018-01-30,354.1000061035156,354.6000061035156,341.04998779296875,343.25,324.5210876464844,44632
2018-01-31,341.04998779296875,352.6000061035156,341.04998779296875,351.0,331.8482360839844,48419
2018-02-01,351.0,353.8999938964844,343.70001220703125,346.20001220703125,327.3101501464844,43071
2018-02-02,343.0,349.79998779296875,341.79998779296875,343.6000061035156,324.85198974609375,373435
2018-02-05,344.0,353.5,330.0,348.6000061035156,329.5791931152344,65734
2018-02-07,351.79998779296875,353.70001220703125,336.3500061035156,338.54998779296875,320.0775146484375,90338
2018-02-08,341.3500061035156,351.0,340.3999938964844,349.95001220703125,330.85552978515625,40936
2018-02-09,344.3500061035156,348.29998779296875,339.3999938964844,341.3500061035156,322.7247619628906,62866
2018-02-12,345.0,345.04998779296875,336.6000061035156,338.1000061035156,319.652099609375,74393
2018-02-14,339.79998779296875,339.79998779296875,324.70001220703125,327.0,309.1577453613281,2498211
2018-02-15,330.45001220703125,336.79998779296875,328.0,330.1499938964844,312.1358642578125,89096
2018-02-16,331.04998779296875,333.70001220703125,322.75,326.6499938964844,308.82684326171875,16911
2018-02-19,328.0,332.8999938964844,325.20001220703125,329.25,311.28497314453125,47178
2018-02-20,329.25,334.79998779296875,325.0,333.25,315.06671142578125,33216
2018-02-21,334.3500061035156,338.5,332.8999938964844,337.3999938964844,318.99029541015625,27803
2018-02-22,335.3999938964844,337.0,328.45001220703125,334.20001220703125,315.96490478515625,1754447
2018-02-23,331.0,343.6000061035156,331.0,340.20001220703125,321.63751220703125,41784
2018-02-26,339.5,347.45001220703125,336.3999938964844,344.75,325.9392395019531,34818
2018-02-27,344.45001220703125,349.45001220703125,340.0,344.54998779296875,325.7501525878906,12976
2018-02-28,344.20001220703125,351.0,339.6499938964844,347.1499938964844,328.2082824707031,81987
2018-03-01,350.0,351.70001220703125,338.8500061035156,342.6000061035156,323.90655517578125,8166034
2018-03-07,330.1000061035156,335.6499938964844,327.5,329.75,311.7576904296875,52582
2018-03-08,331.8999938964844,343.8999938964844,324.6499938964844,329.79998779296875,311.8049621582031,92023
2018-03-09,332.0,337.75,329.0,333.8999938964844,315.6812438964844,29359
2018-03-12,333.8999938964844,342.8999938964844,332.70001220703125,338.3500061035156,319.8884582519531,17039
2018-03-13,338.29998779296875,349.8500061035156,338.29998779296875,347.54998779296875,328.5864562988281,24505
2018-03-14,348.0,348.0,337.54998779296875,338.79998779296875,320.3138732910156,37270
2018-03-15,342.8999938964844,344.6000061035156,336.20001220703125,338.1499938964844,319.6993713378906,473484
2018-03-16,338.6000061035156,343.0,333.1000061035156,335.1000061035156,316.8157958984375,14636
2018-03-19,335.0,336.54998779296875,320.8500061035156,327.29998779296875,309.4413757324219,26890
2018-03-20,325.45001220703125,343.5,323.79998779296875,341.6499938964844,323.0083923339844,111260
2018-03-21,343.0,345.20001220703125,335.6000061035156,336.45001220703125,318.0921325683594,60420
2018-03-22,335.1000061035156,344.3500061035156,331.54998779296875,334.75,316.4848937988281,35442
2018-03-23,331.0,344.75,330.0,342.1000061035156,323.433837890625,68735
2018-03-26,341.0,345.6499938964844,340.0,342.8999938964844,324.190185546875,84316
2018-03-27,345.8999938964844,345.8999938964844,333.25,336.5,318.139404296875,31359
2018-03-28,337.1000061035156,340.0,331.45001220703125,336.25,317.9030456542969,1109105
2018-04-02,337.0,344.0,335.04998779296875,336.95001220703125,318.5648498535156,30639
2018-04-03,337.45001220703125,342.3500061035156,334.5,337.95001220703125,319.5102844238281,14773
2018-04-04,338.04998779296875,339.0,335.0,336.20001220703125,317.85577392578125,9741
2018-04-05,338.0,340.8500061035156,331.1000061035156,338.75,320.2666320800781,33213
2018-04-06,335.0,342.20001220703125,335.0,337.75,319.3211975097656,16164
2018-04-09,336.8500061035156,339.95001220703125,335.25,336.29998779296875,317.9502868652344,16547
2018-04-10,343.0,343.0,332.25,334.95001220703125,316.6739807128906,19814
2018-04-11,336.1499938964844,339.79998779296875,336.1499938964844,337.45001220703125,319.0375671386719,18997
2018-04-12,335.1000061035156,342.0,335.1000061035156,341.1499938964844,322.5356750488281,30480
2018-04-13,341.0,348.6000061035156,337.3999938964844,340.1000061035156,321.54296875,36306
2018-04-16,337.0,342.95001220703125,336.8500061035156,339.8500061035156,321.3066101074219,10116
2018-04-17,341.5,341.5,330.54998779296875,333.5,315.3030700683594,537622
2018-04-18,332.0,338.6000061035156,332.0,336.79998779296875,318.4230041503906,17808
2018-04-19,337.6499938964844,338.1000061035156,334.20001220703125,335.3999938964844,317.0993957519531,24712
2018-04-20,335.5,336.1499938964844,327.29998779296875,331.5,313.4122009277344,24748
2018-04-23,331.0,332.3500061035156,325.0,328.3999938964844,310.4813537597656,43848
2018-04-24,330.0,334.29998779296875,316.5,329.3500061035156,311.3795166015625,127874
2018-04-25,337.6000061035156,338.0,323.1000061035156,325.8999938964844,308.1177673339844,157445
2018-04-26,329.0,329.0,310.79998779296875,315.5,298.28521728515625,114707
2018-04-27,317.1000061035156,324.5,313.5,321.8500061035156,304.28875732421875,56537
2018-04-30,323.0,323.0,312.45001220703125,313.54998779296875,296.4416198730469,2048836
2018-05-02,313.3999938964844,318.75,312.0,313.3999938964844,296.2998046875,16049
2018-05-03,317.95001220703125,325.70001220703125,313.3999938964844,323.95001220703125,306.274169921875,104841
2018-05-04,321.0,325.20001220703125,319.6000061035156,322.5,304.9032897949219,17892
2018-05-07,322.6499938964844,323.8500061035156,319.45001220703125,321.6499938964844,304.09967041015625,716330
2018-05-08,320.04998779296875,323.95001220703125,320.0,321.3500061035156,303.8160400390625,16554
2018-05-09,312.54998779296875,328.1499938964844,312.54998779296875,324.29998779296875,306.6050720214844,29139
2018-05-10,324.0,328.20001220703125,317.54998779296875,321.54998779296875,304.0050964355469,18632
2018-05-11,320.54998779296875,323.0,316.1000061035156,320.70001220703125,303.2015075683594,18501
2018-05-14,318.75,322.95001220703125,313.04998779296875,316.1499938964844,298.8997497558594,1080162
2018-05-15,315.0,315.45001220703125,310.3999938964844,311.79998779296875,294.787109375,23603
2018-05-16,311.70001220703125,323.20001220703125,308.20001220703125,314.8500061035156,297.6706848144531,25840
2018-05-17,313.79998779296875,324.0,313.04998779296875,320.3999938964844,302.9178466796875,41697
2018-05-18,320.5,321.3999938964844,313.25,314.8999938964844,297.71795654296875,16934
2018-05-21,314.54998779296875,323.0,314.54998779296875,320.1000061035156,302.6342468261719,20780
2018-05-22,322.0,322.0,312.04998779296875,315.1499938964844,297.9543151855469,25609
2018-05-23,316.0,318.5,313.3999938964844,316.5,299.23065185546875,12084
2018-05-24,317.1499938964844,319.95001220703125,314.0,317.8500061035156,300.50701904296875,14869
2018-05-25,318.0,318.0,311.45001220703125,315.6000061035156,298.3797912597656,21842
2018-05-28,315.54998779296875,317.70001220703125,310.0,310.95001220703125,293.9834899902344,19739
2018-05-29,314.0,314.0,304.0,305.45001220703125,288.7835998535156,46128
2018-05-30,305.79998779296875,305.79998779296875,299.1000061035156,301.8999938964844,285.4272766113281,1029492
2018-05-31,301.75,303.8999938964844,294.20001220703125,297.8999938964844,281.6455383300781,33031
2018-06-01,299.0,302.5,298.29998779296875,299.29998779296875,282.9691467285156,8440
2018-06-04,301.25,301.79998779296875,292.8999938964844,294.75,278.66741943359375,14047
2018-06-05,297.0,297.70001220703125,289.5,294.6499938964844,278.5728759765625,23645
2018-06-06,295.8999938964844,296.95001220703125,292.45001220703125,294.25,278.1947021484375,16649
2018-06-07,294.29998779296875,295.75,292.20001220703125,294.3999938964844,278.3365173339844,9497
2018-06-08,293.79998779296875,299.0,293.79998779296875,297.3999938964844,281.1728210449219,14551
2018-06-11,299.95001220703125,301.0,298.20001220703125,298.8500061035156,282.543701171875,21850
2018-06-12,300.70001220703125,302.1000061035156,299.5,300.3999938964844,284.0091247558594,5453
2018-06-13,300.3999938964844,302.3500061035156,297.0,299.70001220703125,283.34735107421875,18531
2018-06-14,304.0,304.0,295.0,296.1000061035156,279.9437561035156,3560131
2018-06-15,293.04998779296875,295.79998779296875,291.45001220703125,293.3500061035156,277.34381103515625,30439
2018-06-18,295.0,295.0,289.5,290.3500061035156,274.50750732421875,15329
2018-06-19,290.3999938964844,292.45001220703125,286.8999938964844,288.8500061035156,273.08935546875,12418
2018-06-20,288.0,290.8500061035156,285.0,285.75,270.1584777832031,16991
2018-06-21,290.0,290.0,274.8500061035156,278.45001220703125,263.2568054199219,69277
2018-06-22,283.0,287.5,275.3999938964844,286.0,270.39483642578125,42128
2018-06-25,284.1000061035156,293.0,283.79998779296875,291.45001220703125,275.5474853515625,27864
2018-06-26,289.0,299.0,283.75,292.6499938964844,276.6820068359375,37901
2018-06-27,293.0,302.8500061035156,287.6499938964844,299.54998779296875,283.20550537109375,98393
2018-06-28,302.0,302.0,294.04998779296875,298.0,281.7400817871094,36343
2018-06-29,299.04998779296875,307.25,296.0,301.3999938964844,284.9545593261719,35688
2018-07-02,302.0,304.79998779296875,295.0,298.54998779296875,282.26007080078125,18346
2018-07-03,300.0,300.0,286.79998779296875,292.6499938964844,276.6820068359375,32997
2018-07-04,293.54998779296875,305.75,289.8999938964844,300.29998779296875,283.9145812988281,32399
2018-07-05,297.5,305.0,294.75,302.8999938964844,286.3727111816406,26778
2018-07-06,301.0,303.79998779296875,296.25,298.75,282.44915771484375,16030
2018-07-09,300.0,302.70001220703125,299.75,301.75,285.28546142578125,6793
2018-07-10,301.0,307.0,300.45001220703125,304.8500061035156,288.2163391113281,11644
2018-07-11,306.5,318.8999938964844,304.04998779296875,316.45001220703125,299.18341064453125,2098523
2018-07-12,319.70001220703125,320.0,307.6000061035156,313.54998779296875,296.4416198730469,32950
2018-07-13,311.6000061035156,311.6000061035156,300.6499938964844,302.5,285.9945373535156,42015
2018-07-16,303.0,303.95001220703125,298.25,300.75,284.34002685546875,19986
2018-07-17,300.25,306.70001220703125,297.1000061035156,303.45001220703125,286.8927307128906,15939
2018-07-18,304.0,305.0,299.0,299.3500061035156,283.01641845703125,26402
2018-07-19,289.79998779296875,290.0,283.54998779296875,285.3500061035156,269.78033447265625,30564
2018-07-20,289.5,289.5,285.0,285.8500061035156,270.2530517578125,7431
2018-07-23,287.6000061035156,289.3500061035156,286.0,286.45001220703125,270.8203125,6600
2018-07-24,282.04998779296875,287.45001220703125,282.04998779296875,286.3500061035156,270.72576904296875,6314
2018-07-25,286.04998779296875,291.3500061035156,284.0,287.29998779296875,271.6239013671875,50402
2018-07-26,286.6000061035156,288.25,278.6000061035156,286.79998779296875,271.15118408203125,64738
2018-07-27,286.0,290.5,284.3500061035156,289.04998779296875,273.2784118652344,23245
2018-07-30,288.20001220703125,292.0,287.1499938964844,289.45001220703125,273.6566162109375,11076
2018-07-31,289.6000061035156,291.45001220703125,285.29998779296875,286.1000061035156,270.4894104003906,14828
2018-08-01,287.95001220703125,297.45001220703125,287.95001220703125,293.3999938964844,277.3910827636719,37051
2018-08-02,295.0,297.95001220703125,289.1000061035156,290.0,274.1766052246094,38229
2018-08-03,290.25,291.70001220703125,289.3999938964844,290.5,274.6493225097656,16725
2018-08-06,291.0,291.3500061035156,286.04998779296875,287.1499938964844,271.4820861816406,12632
2018-08-07,287.1000061035156,289.1000061035156,284.6000061035156,285.20001220703125,269.6385192871094,14400
2018-08-08,286.95001220703125,292.0,284.3999938964844,290.6499938964844,274.7911376953125,530593
2018-08-09,291.79998779296875,296.3999938964844,289.3999938964844,293.3999938964844,277.3910827636719,482911
2018-08-10,290.95001220703125,293.5,287.5,288.79998779296875,273.04205322265625,20620
2018-08-13,286.3500061035156,287.8500061035156,283.6000061035156,285.5,269.922119140625,2027805
2018-08-14,285.79998779296875,285.79998779296875,280.5,283.6000061035156,268.12579345703125,519703
2018-08-16,283.0,289.0,279.45001220703125,282.54998779296875,267.1330871582031,73288
2018-08-17,284.04998779296875,285.25,282.0,282.95001220703125,267.51129150390625,12465
2018-08-20,283.29998779296875,286.54998779296875,283.04998779296875,284.3500061035156,268.83489990234375,10060
2018-08-21,286.1499938964844,289.20001220703125,285.0,287.5,271.8130187988281,25154
2018-08-23,287.79998779296875,290.1000061035156,283.0,284.20001220703125,268.6930847167969,11272
2018-08-24,281.79998779296875,291.3999938964844,280.0,285.8999938964844,270.30029296875,31099
2018-08-27,285.04998779296875,289.79998779296875,282.20001220703125,287.8500061035156,272.1439208984375,22086
2018-08-28,291.6499938964844,291.6499938964844,282.70001220703125,286.75,271.1039123535156,26994
2018-08-29,285.1499938964844,285.54998779296875,282.45001220703125,283.75,268.2676086425781,9369
2018-08-30,282.0,285.70001220703125,280.6499938964844,284.1000061035156,268.5985412597656,16220
2018-08-31,286.8999938964844,294.5,284.3500061035156,287.45001220703125,271.7657470703125,59589
2018-09-03,283.04998779296875,292.5,280.1000061035156,289.20001220703125,273.4202575683594,22620
2018-09-04,290.04998779296875,290.1499938964844,282.0,283.75,268.2676086425781,27770
2018-09-05,283.0,283.0,270.1499938964844,271.29998779296875,256.4969177246094,55113
2018-09-06,271.3500061035156,277.0,266.0,270.70001220703125,255.9296875,122144
2018-09-07,271.0,278.95001220703125,268.75,277.79998779296875,262.64227294921875,37473
2018-09-10,276.95001220703125,278.70001220703125,270.0,275.6499938964844,260.6095886230469,17649
2018-09-11,272.6000061035156,288.0,269.5,271.3500061035156,256.5442199707031,29749
2018-09-12,270.5,272.0,263.5,270.8999938964844,256.1187438964844,48319
2018-09-14,272.0,275.3999938964844,270.1000061035156,274.6499938964844,259.6641540527344,49613
2018-09-17,274.70001220703125,274.8500061035156,266.45001220703125,267.3999938964844,252.80972290039062,55726
2018-09-18,268.45001220703125,268.45001220703125,265.45001220703125,266.95001220703125,252.38429260253906,14860
2018-09-19,268.95001220703125,272.3500061035156,264.25,270.95001220703125,256.1660461425781,23580
2018-09-21,271.8500061035156,282.3999938964844,270.70001220703125,279.8999938964844,264.627685546875,64250
2018-09-24,284.0,284.0,273.8500061035156,277.54998779296875,262.4059143066406,32666
2018-09-25,277.95001220703125,278.3500061035156,268.04998779296875,269.45001220703125,254.7478790283203,37713
2018-09-26,268.5,273.6000061035156,258.29998779296875,261.6000061035156,247.32620239257812,39136
2018-09-27,267.0,269.8999938964844,257.0,267.45001220703125,252.8570098876953,55250
2018-09-28,260.29998779296875,275.45001220703125,260.29998779296875,262.1000061035156,247.79891967773438,57319
2018-10-01,269.45001220703125,271.45001220703125,260.95001220703125,266.5,251.95883178710938,55611
2018-10-03,267.8999938964844,267.8999938964844,250.0500030517578,252.5,238.7227325439453,68575
2018-10-04,246.0,261.0,241.8000030517578,255.5,241.5590362548828,91009
2018-10-05,254.64999389648438,263.95001220703125,254.64999389648438,259.8500061035156,245.67169189453125,45288
2018-10-08,269.0,269.0,253.35000610351562,266.70001220703125,252.14793395996094,65743
2018-10-09,268.5,273.20001220703125,261.6499938964844,266.75,252.1951904296875,100122
2018-10-10,270.20001220703125,275.95001220703125,257.20001220703125,258.95001220703125,244.82080078125,195533
2018-10-11,253.5,263.3999938964844,251.75,259.79998779296875,245.62440490722656,33424
2018-10-12,265.5,267.1000061035156,258.8500061035156,265.29998779296875,250.8242950439453,26418
2018-10-15,271.0,271.20001220703125,265.04998779296875,267.95001220703125,253.32972717285156,26531
2018-10-16,270.20001220703125,276.8999938964844,264.1499938964844,266.1499938964844,251.6279296875,404945
2018-10-17,268.0,268.5,259.04998779296875,260.54998779296875,246.33348083496094,32299
2018-10-19,263.3500061035156,268.25,261.95001220703125,263.8999938964844,249.50070190429688,22779
2018-10-22,264.29998779296875,267.25,261.0,265.29998779296875,250.8242950439453,29967
2018-10-23,264.3999938964844,269.95001220703125,258.8999938964844,265.45001220703125,250.9661407470703,37882
2018-10-24,267.1499938964844,267.1499938964844,260.45001220703125,263.1000061035156,248.74435424804688,97375
2018-10-25,260.3999938964844,270.29998779296875,259.95001220703125,265.0,250.54067993164062,30439
2018-10-26,265.04998779296875,268.3500061035156,262.0,264.45001220703125,250.0207061767578,15433
2018-10-29,263.6499938964844,266.5,263.0,264.3999938964844,249.97341918945312,18021
2018-10-30,265.5,267.29998779296875,261.0,265.04998779296875,250.5879364013672,212492
2018-10-31,265.45001220703125,270.3999938964844,260.1000061035156,268.8500061035156,254.1806182861328,18082
2018-11-01,263.3999938964844,266.6499938964844,260.8999938964844,261.0,246.75894165039062,164499
2018-11-02,263.0,264.70001220703125,259.8500061035156,261.5,247.23165893554688,764995
2018-11-05,260.0,263.29998779296875,258.29998779296875,261.0,246.75894165039062,108826
2018-11-06,265.20001220703125,265.20001220703125,259.3500061035156,261.79998779296875,247.51527404785156,305482
2018-11-07,264.8500061035156,266.0,264.1499938964844,265.20001220703125,250.7297821044922,5335
2018-11-09,265.0,274.3999938964844,265.0,268.5,253.84971618652344,694951
2018-11-12,267.79998779296875,268.0,257.20001220703125,258.6499938964844,244.5371551513672,30426
2018-11-13,260.0,262.0,253.85000610351562,258.3999938964844,244.30079650878906,31742
2018-11-14,261.0,261.5,257.1000061035156,260.5,246.28622436523438,14461
2018-11-15,258.79998779296875,259.70001220703125,253.3000030517578,255.75,241.79539489746094,19824
2018-11-16,255.75,262.20001220703125,255.75,259.3999938964844,245.24623107910156,28691
2018-11-19,259.79998779296875,260.5,258.04998779296875,259.8999938964844,245.7189483642578,8187
2018-11-20,260.5,261.25,258.1499938964844,260.04998779296875,245.8607635498047,31077
2018-11-21,261.0,261.0,256.79998779296875,259.20001220703125,245.05715942382812,9036
2018-11-22,258.0,263.0,246.1999969482422,258.1000061035156,244.01718139648438,77004
2018-11-26,258.0,268.3500061035156,258.0,262.8500061035156,248.50799560546875,74348
2018-11-27,262.8500061035156,268.0,259.45001220703125,264.04998779296875,249.6425018310547,22712
2018-11-28,265.5,265.5,258.0,259.75,245.57713317871094,26291
2018-11-29,260.3500061035156,267.0,254.14999389648438,265.8999938964844,251.39157104492188,58340
2018-11-30,264.8999938964844,265.29998779296875,255.0,256.5,242.5044708251953,28806
2018-12-03,256.79998779296875,259.8500061035156,254.1999969482422,256.3999938964844,242.40992736816406,25960
2018-12-04,255.0,256.75,252.6999969482422,254.4499969482422,240.5663299560547,16769
2018-12-05,256.04998779296875,259.5,253.5,258.3500061035156,244.2535400390625,30701
2018-12-06,259.0,259.0,254.0,255.64999389648438,241.7008514404297,13912
2018-12-07,254.4499969482422,257.0,251.85000610351562,253.75,239.90452575683594,7814
2018-12-10,252.75,252.75,246.85000610351562,249.60000610351562,235.98097229003906,852907
2018-12-11,246.0,257.29998779296875,246.0,252.35000610351562,238.58091735839844,20226
2018-12-12,254.1999969482422,256.0,250.35000610351562,251.14999389648438,237.44638061523438,538709
2018-12-13,250.0,252.14999389648438,248.9499969482422,249.5500030517578,235.93368530273438,22745
2018-12-14,249.14999389648438,252.9499969482422,247.5,251.85000610351562,238.1082000732422,27578
2018-12-17,253.89999389648438,255.5,249.35000610351562,254.60000610351562,240.70814514160156,39674
2018-12-18,255.5,257.1000061035156,251.64999389648438,254.39999389648438,240.51904296875,679362
2018-12-19,255.8000030517578,267.0,254.85000610351562,264.0,249.59524536132812,64805
2018-12-20,260.6499938964844,263.6499938964844,258.45001220703125,261.75,247.468017578125,608000
2018-12-21,262.70001220703125,263.3999938964844,247.9499969482422,259.95001220703125,245.7662353515625,1615844
2018-12-24,259.8500061035156,270.75,256.04998779296875,262.29998779296875,247.9879913330078,91649
2018-12-26,266.0,266.0,258.54998779296875,262.20001220703125,247.8934783935547,32222
2018-12-27,262.6000061035156,269.0,261.75,266.95001220703125,252.38429260253906,28967
2018-12-28,269.79998779296875,269.79998779296875,262.0,263.6499938964844,249.26434326171875,35040
2018-12-31,256.95001220703125,271.95001220703125,256.95001220703125,259.6499938964844,245.4825897216797,41322
2019-01-01,260.0,264.0,258.20001220703125,262.3999938964844,248.08253479003906,15900
2019-01-02,260.6499938964844,267.0,258.75,263.29998779296875,248.9334259033203,31487
2019-01-03,263.95001220703125,273.5,263.1499938964844,271.04998779296875,256.26055908203125,128528
2019-01-04,274.75,288.0,272.5,284.0,268.50396728515625,261645
2019-01-07,287.0,296.75,286.3999938964844,294.75,278.66741943359375,193682
2019-01-08,294.0,300.95001220703125,290.25,298.3999938964844,282.1182556152344,123918
2019-01-09,301.8500061035156,301.8500061035156,289.04998779296875,290.75,274.88568115234375,71265
2019-01-10,289.6499938964844,289.6499938964844,281.6000061035156,285.45001220703125,269.8748779296875,65755
2019-01-11,285.1499938964844,286.0,276.0,277.45001220703125,262.3113708496094,53545
2019-01-14,276.04998779296875,282.6000061035156,274.6499938964844,280.6000061035156,265.28948974609375,45573
2019-01-15,279.3500061035156,283.6000061035156,278.04998779296875,280.5,265.1949462890625,30163
2019-01-16,280.0,284.25,275.20001220703125,276.45001220703125,261.3659362792969,39433
2019-01-17,279.1499938964844,282.25,276.70001220703125,280.3500061035156,265.0531311035156,57686
2019-01-18,280.3999938964844,283.1000061035156,276.70001220703125,278.1000061035156,262.9259033203125,437338
2019-01-21,280.79998779296875,280.79998779296875,271.45001220703125,277.95001220703125,262.7840881347656,42577
2019-01-22,278.20001220703125,281.5,274.6499938964844,277.75,262.5950012207031,58930
2019-01-23,277.3999938964844,281.0,275.54998779296875,277.8999938964844,262.73681640625,50440
2019-01-24,282.5,284.20001220703125,261.79998779296875,263.3999938964844,249.02798461914062,347447
2019-01-25,263.5,282.0,263.5,279.8999938964844,264.627685546875,231798
2019-01-28,276.1000061035156,292.3500061035156,276.1000061035156,286.25,270.6311950683594,243393
2019-01-29,286.25,299.5,284.20001220703125,296.6499938964844,280.4637451171875,187405
2019-01-30,297.95001220703125,299.04998779296875,286.04998779296875,289.8999938964844,274.08203125,155116
2019-01-31,290.3999938964844,296.75,285.45001220703125,292.95001220703125,276.96563720703125,43126
2019-02-01,299.0,299.0,291.0,296.25,280.0855712890625,44446
2019-02-04,294.0,298.0,287.8999938964844,294.6499938964844,278.5728759765625,32625
2019-02-05,296.0,296.0,287.1000061035156,290.54998779296875,274.6965637207031,74823
2019-02-06,289.75,298.0,288.75,295.70001220703125,279.5655822753906,58146
2019-02-07,292.8999938964844,308.3999938964844,290.5,306.75,290.0126647949219,77169
2019-02-08,305.8999938964844,333.79998779296875,302.29998779296875,324.95001220703125,307.2196044921875,255276
2019-02-11,329.8999938964844,329.8999938964844,320.1499938964844,322.75,305.1396484375,83121
2019-02-12,322.75,322.75,310.5,312.8500061035156,295.7798156738281,79736
2019-02-14,295.1000061035156,303.20001220703125,293.6499938964844,297.3500061035156,281.12554931640625,35419
2019-02-15,296.04998779296875,309.8999938964844,291.79998779296875,307.0,290.2490234375,118422
2019-02-18,307.8999938964844,319.54998779296875,305.1499938964844,316.6499938964844,299.3724670410156,119902
2019-02-19,317.0,328.5,315.25,319.6499938964844,302.2087707519531,139106
2019-02-20,317.95001220703125,322.5,314.04998779296875,317.70001220703125,300.3652038574219,83235
2019-02-21,317.29998779296875,317.29998779296875,306.5,313.20001220703125,296.1107482910156,80265
2019-02-22,312.8500061035156,321.75,309.6000061035156,315.0,297.8125,452609
2019-02-25,312.8500061035156,312.8500061035156,302.6499938964844,304.45001220703125,287.8381652832031,85634
2019-02-26,303.0,311.0,300.54998779296875,307.3999938964844,290.627197265625,134602
2019-02-27,308.04998779296875,309.04998779296875,295.79998779296875,296.95001220703125,280.7474060058594,94590
2019-02-28,299.0,299.0,291.20001220703125,293.5,277.4856262207031,67780
2019-03-01,296.20001220703125,297.25,291.6000061035156,293.0,277.0129089355469,48659
2019-03-05,293.0,297.45001220703125,291.8500061035156,296.6000061035156,280.4164733886719,84806
2019-03-06,296.0,306.5,296.0,303.1499938964844,286.60906982421875,131511
2019-03-07,303.29998779296875,309.3500061035156,303.29998779296875,305.1000061035156,288.45269775390625,86699
2019-03-08,306.8500061035156,309.54998779296875,303.5,305.95001220703125,289.2563171386719,46906
2019-03-11,306.95001220703125,321.1000061035156,306.3999938964844,319.3500061035156,301.9251708984375,115267
2019-03-12,319.0,322.54998779296875,309.3500061035156,316.6000061035156,299.3252258300781,190397
2019-03-13,321.8999938964844,321.8999938964844,311.3999938964844,313.79998779296875,296.677978515625,49606
2019-03-14,312.8500061035156,317.79998779296875,312.6499938964844,314.0,296.8670654296875,54988
2019-03-15,314.95001220703125,318.54998779296875,311.5,313.70001220703125,296.5834655761719,39587
2019-03-18,316.6000061035156,321.70001220703125,311.5,317.8999938964844,300.55426025390625,160123700
2019-03-19,318.5,331.3999938964844,315.0,326.8999938964844,309.0632019042969,150232300
2019-03-20,326.8999938964844,333.3500061035156,322.1000061035156,324.95001220703125,307.2196044921875,136914
2019-03-22,324.8999938964844,328.8500061035156,314.0,317.1499938964844,299.8451843261719,77955
2019-03-25,318.0,318.0,305.0,307.1499938964844,290.3908386230469,47284
2019-03-26,306.8500061035156,314.5,306.29998779296875,313.0,295.921630859375,50364
2019-03-27,314.0,318.79998779296875,311.29998779296875,316.6499938964844,299.3724670410156,53468
2019-03-28,317.79998779296875,319.5,314.25,317.75,300.4124450683594,20994
2019-04-01,313.1000061035156,317.70001220703125,312.0,315.1000061035156,297.90704345703125,35789
2019-04-02,311.3500061035156,318.0,311.3500061035156,314.1000061035156,296.96160888671875,57038
2019-04-03,314.8999938964844,319.95001220703125,314.54998779296875,317.20001220703125,299.8924865722656,69870
2019-04-04,317.5,319.1000061035156,315.0,316.29998779296875,299.04156494140625,29975
2019-04-05,315.8999938964844,319.8999938964844,315.0,316.8500061035156,299.56158447265625,16599
2019-04-08,319.95001220703125,319.95001220703125,313.3500061035156,315.75,298.5215759277344,31676
2019-04-09,316.1499938964844,316.45001220703125,312.6000061035156,315.1000061035156,297.90704345703125,10489
2019-04-10,310.1000061035156,318.1000061035156,310.1000061035156,314.6499938964844,297.4815979003906,32550
2019-04-11,315.8999938964844,317.0,312.04998779296875,313.75,296.6307067871094,8809
2019-04-12,314.45001220703125,317.29998779296875,313.20001220703125,314.1000061035156,296.96160888671875,86733
2019-04-15,314.8500061035156,316.0,307.3500061035156,308.8500061035156,291.9980773925781,123476
2019-04-16,313.0,316.6000061035156,312.6000061035156,313.8500061035156,296.7252502441406,50460
2019-04-18,313.8500061035156,313.8500061035156,303.3500061035156,307.6000061035156,290.8162841796875,63243
2019-04-22,307.8999938964844,310.25,295.8999938964844,300.54998779296875,284.15093994140625,55522
2019-04-23,301.79998779296875,303.5,293.1000061035156,294.54998779296875,278.47833251953125,51093
2019-04-24,300.8999938964844,303.95001220703125,291.3500061035156,302.1499938964844,285.66363525390625,64752
2019-04-25,290.0,297.6000061035156,258.0,270.95001220703125,256.1660461425781,1428195
2019-04-26,273.0,277.95001220703125,270.04998779296875,272.1499938964844,257.300537109375,244745
2019-04-30,273.04998779296875,275.0,255.0,261.8500061035156,247.56256103515625,204381
2019-05-02,263.75,272.20001220703125,263.75,270.54998779296875,255.787841796875,95585
2019-05-03,274.6499938964844,278.04998779296875,270.0,273.54998779296875,258.6241455078125,95797
2019-05-06,271.0,272.79998779296875,269.0,271.95001220703125,257.1114807128906,78046
2019-05-07,268.0,270.20001220703125,265.95001220703125,267.20001220703125,252.6206512451172,35389
2019-05-08,263.20001220703125,270.25,263.20001220703125,266.04998779296875,251.53338623046875,31337
2019-05-09,264.20001220703125,269.8500061035156,261.6000061035156,267.3999938964844,252.80972290039062,44227
2019-05-10,264.5,266.0,261.3500061035156,262.3999938964844,248.08253479003906,35722
2019-05-13,262.3500061035156,269.0,261.6000061035156,265.75,251.249755859375,77958
2019-05-14,263.20001220703125,275.0,262.54998779296875,269.6499938964844,254.93695068359375,44980
2019-05-15,268.1000061035156,271.70001220703125,262.04998779296875,263.70001220703125,249.31163024902344,31449
2019-05-16,263.0,270.0,263.0,268.1499938964844,253.518798828125,25059
2019-05-17,267.20001220703125,270.29998779296875,265.6499938964844,268.3500061035156,253.70790100097656,22959
2019-05-20,275.0,275.0,267.20001220703125,269.45001220703125,254.7478790283203,43909
2019-05-21,270.79998779296875,281.20001220703125,270.25,276.0,260.94049072265625,84512
2019-05-22,275.0,280.79998779296875,268.45001220703125,269.3500061035156,254.65333557128906,54782
2019-05-23,273.29998779296875,276.79998779296875,271.25,273.04998779296875,258.15142822265625,45602
2019-05-24,279.0,280.1499938964844,270.1499938964844,278.29998779296875,263.114990234375,44952
2019-05-27,287.0,287.0,276.8999938964844,279.6499938964844,264.3913269042969,45765
2019-05-28,281.95001220703125,281.95001220703125,267.3999938964844,269.75,255.03150939941406,118303
2019-05-29,271.04998779296875,278.20001220703125,268.1000061035156,275.79998779296875,260.7513732910156,96050
2019-05-30,275.8999938964844,275.8999938964844,271.6000061035156,272.3999938964844,257.5368957519531,38341
2019-05-31,276.0,279.0,266.04998779296875,271.20001220703125,256.40240478515625,63404
2019-06-03,274.8999938964844,276.3999938964844,267.5,268.95001220703125,254.27516174316406,66701
2019-06-04,273.0,275.3999938964844,268.70001220703125,273.75,258.8132629394531,91031
2019-06-06,272.04998779296875,276.1499938964844,269.3500061035156,273.3500061035156,258.4350891113281,38737
2019-06-07,273.5,282.79998779296875,271.6499938964844,279.54998779296875,264.2967834472656,100807
2019-06-10,281.3500061035156,288.5,277.8999938964844,282.04998779296875,266.6603698730469,99690
2019-06-11,284.0,288.3999938964844,279.25,283.70001220703125,268.2203674316406,68701
2019-06-12,283.70001220703125,283.70001220703125,272.75,273.95001220703125,259.0023498535156,54480
2019-06-13,272.70001220703125,273.5,269.20001220703125,271.1499938964844,256.3551025390625,18185
2019-06-14,271.0,276.1499938964844,271.0,275.25,260.2314147949219,44315
2019-06-17,273.5,280.1000061035156,270.8500061035156,272.54998779296875,257.6787109375,59709
2019-06-18,274.95001220703125,274.95001220703125,265.79998779296875,270.1499938964844,255.40966796875,29961
2019-06-19,269.75,273.1499938964844,267.0,272.1000061035156,257.2532958984375,29324
2019-06-20,271.3999938964844,280.0,271.3999938964844,279.1000061035156,263.871337890625,33580
2019-06-21,276.3999938964844,277.79998779296875,271.45001220703125,275.29998779296875,260.2786560058594,20311
2019-06-24,273.79998779296875,275.5,271.1499938964844,272.1000061035156,257.2532958984375,19726
2019-06-25,271.95001220703125,271.95001220703125,266.1000061035156,269.8500061035156,255.1260528564453,35054
2019-06-26,270.0,271.70001220703125,268.75,271.0,256.2132873535156,20830
2019-06-27,275.0,278.04998779296875,271.6000061035156,274.45001220703125,259.4750671386719,115070
2019-06-28,274.0,274.0,266.0,267.3500061035156,252.76246643066406,87244
2019-07-01,270.8999938964844,270.8999938964844,263.70001220703125,265.45001220703125,250.9661407470703,53677
2019-07-02,270.0,270.0,264.29998779296875,265.70001220703125,251.20249938964844,25872
2019-07-03,269.79998779296875,269.79998779296875,262.0,265.70001220703125,251.20249938964844,28260
2019-07-04,266.25,266.25,262.0,263.20001220703125,248.8389129638672,22725
2019-07-05,263.79998779296875,268.8500061035156,259.3999938964844,260.8999938964844,246.6643829345703,65934
2019-07-08,262.0,264.75,261.54998779296875,262.25,247.94073486328125,38864
2019-07-09,260.3500061035156,262.3999938964844,256.1000061035156,260.75,246.5225830078125,37229
2019-07-10,260.0,260.54998779296875,258.5,259.8999938964844,245.7189483642578,12073
2019-07-11,264.0,265.6000061035156,256.45001220703125,264.70001220703125,250.25706481933594,38831
2019-07-12,265.70001220703125,268.3500061035156,262.04998779296875,262.70001220703125,248.36619567871094,28951
2019-07-15,263.0,263.5,261.5,262.20001220703125,247.8934783935547,19990
2019-07-16,261.0,264.45001220703125,261.0,263.6000061035156,249.21707153320312,5943
2019-07-17,256.25,265.20001220703125,256.25,263.95001220703125,249.54798889160156,18518
2019-07-18,263.1000061035156,264.70001220703125,261.6499938964844,262.54998779296875,248.22434997558594,33854
2019-07-19,265.0,266.6000061035156,257.29998779296875,259.8999938964844,245.7189483642578,37986
2019-07-22,260.0,268.1499938964844,259.70001220703125,263.70001220703125,249.31163024902344,24493
2019-07-23,261.0,263.25,258.1499938964844,261.79998779296875,247.51527404785156,184366
2019-07-24,262.3999938964844,266.45001220703125,260.75,264.1000061035156,249.68978881835938,474124
2019-07-25,269.8999938964844,279.20001220703125,259.45001220703125,261.70001220703125,247.42074584960938,291695
2019-07-26,264.79998779296875,271.54998779296875,264.5,270.29998779296875,255.55148315429688,62943
2019-07-29,270.20001220703125,270.20001220703125,255.0500030517578,256.29998779296875,242.31536865234375,69705
2019-07-30,260.0,260.0,245.10000610351562,249.25,235.65005493164062,94552
2019-07-31,248.0,249.8000030517578,238.6999969482422,245.60000610351562,232.19921875,84755
2019-08-01,246.0,253.89999389648438,242.5500030517578,251.10000610351562,237.3991241455078,85675
2019-08-02,248.1999969482422,254.35000610351562,245.35000610351562,251.5,237.77728271484375,83761
2019-08-05,251.75,251.75,242.5500030517578,244.85000610351562,231.49014282226562,59086
2019-08-06,240.10000610351562,248.10000610351562,240.10000610351562,245.89999389648438,232.4828338623047,38607
2019-08-07,243.39999389648438,249.10000610351562,242.25,245.5,232.10467529296875,69246
2019-08-08,247.0500030517578,253.3000030517578,246.75,250.0500030517578,236.40640258789062,71641
2019-08-09,252.9499969482422,255.0,248.39999389648438,251.89999389648438,238.15545654296875,47584
2019-08-13,250.25,253.10000610351562,243.6999969482422,246.5500030517578,233.09738159179688,74329
2019-08-14,253.0,253.0,244.0500030517578,248.8000030517578,235.224609375,50469
2019-08-16,248.6999969482422,250.89999389648438,243.25,248.75,235.17733764648438,40288
2019-08-19,251.3000030517578,259.5,250.10000610351562,255.5500030517578,241.60630798339844,107228
2019-08-20,253.0,258.45001220703125,252.5500030517578,255.60000610351562,241.65357971191406,44066
2019-08-21,254.9499969482422,255.9499969482422,246.8000030517578,248.3000030517578,234.75189208984375,46494
2019-08-22,246.5,248.60000610351562,244.35000610351562,246.5500030517578,233.09738159179688,30277
2019-08-23,245.75,248.25,241.0500030517578,247.0500030517578,233.57009887695312,60166
2019-08-26,248.0,248.5500030517578,242.1999969482422,245.3000030517578,231.91558837890625,2977894
2019-08-27,245.75,247.8000030517578,243.3000030517578,245.3000030517578,231.91558837890625,1840093
2019-08-28,245.25,250.4499969482422,244.85000610351562,248.89999389648438,235.31915283203125,29276
2019-08-29,250.4499969482422,263.6499938964844,245.4499969482422,259.54998779296875,245.38804626464844,64521
2019-08-30,256.04998779296875,258.0,247.60000610351562,250.5500030517578,236.87911987304688,97632
2019-09-03,250.39999389648438,256.3999938964844,246.85000610351562,248.0500030517578,234.51553344726562,56683
2019-09-04,249.1999969482422,252.5,246.39999389648438,248.0500030517578,234.51553344726562,47616
2019-09-05,249.14999389648438,249.5,247.25,248.35000610351562,234.79916381835938,24874
2019-09-06,249.75,251.5500030517578,245.75,250.1999969482422,236.5482177734375,11672
2019-09-09,250.25,253.8000030517578,247.75,253.0,239.19544982910156,34305
2019-09-11,253.0,254.5,250.1999969482422,253.5500030517578,239.71543884277344,34374
2019-09-12,252.64999389648438,252.64999389648438,248.85000610351562,250.6999969482422,237.02093505859375,29903
2019-09-13,251.10000610351562,255.1999969482422,249.5,254.39999389648438,240.51904296875,30085
2019-09-16,251.89999389648438,253.9499969482422,248.8000030517578,252.0,238.25,17925
2019-09-17,252.0,252.1999969482422,247.39999389648438,250.10000610351562,236.4536895751953,120482
2019-09-18,251.39999389648438,255.60000610351562,249.5,253.5,239.6681671142578,25581
2019-09-19,252.0,253.0,247.39999389648438,249.60000610351562,235.98097229003906,328458
2019-09-20,250.5500030517578,263.0,249.25,259.3999938964844,245.24623107910156,178984
2019-09-23,264.8999938964844,272.79998779296875,259.5,263.79998779296875,249.40614318847656,116286
2019-09-24,263.25,264.6499938964844,255.0,257.3500061035156,243.30810546875,119151
2019-09-25,256.20001220703125,259.0,251.60000610351562,257.29998779296875,243.26080322265625,109161
2019-09-26,257.04998779296875,261.5,256.3500061035156,258.79998779296875,244.67897033691406,334796
2019-09-27,257.8500061035156,259.3500061035156,252.3000030517578,257.04998779296875,243.02444458007812,161979
2019-09-30,254.5500030517578,260.0,250.60000610351562,257.8999938964844,243.8280792236328,190593
2019-10-01,257.75,258.95001220703125,245.0,249.35000610351562,235.74461364746094,72663
2019-10-03,248.5500030517578,250.39999389648438,246.0,248.14999389648438,234.61007690429688,5237324
2019-10-04,248.14999389648438,249.0,245.25,245.6999969482422,232.2937469482422,19486
2019-10-07,246.39999389648438,248.14999389648438,244.89999389648438,246.14999389648438,232.7191925048828,33667
2019-10-09,246.60000610351562,259.79998779296875,244.6999969482422,255.5,241.5590362548828,61727
2019-10-10,255.0,265.79998779296875,251.5500030517578,256.70001220703125,242.69357299804688,114213
2019-10-11,256.70001220703125,259.6000061035156,252.60000610351562,258.45001220703125,244.34808349609375,25240
2019-10-14,260.8999938964844,261.25,255.60000610351562,259.25,245.1044158935547,32510
2019-10-15,258.25,260.29998779296875,255.4499969482422,256.8500061035156,242.8353729248047,34061
2019-10-16,254.0,258.1499938964844,251.75,256.95001220703125,242.929931640625,460274
2019-10-17,255.5,257.75,253.75,257.20001220703125,243.16629028320312,17191
2019-10-18,257.5,262.8999938964844,254.4499969482422,261.79998779296875,247.51527404785156,37127
2019-10-22,266.0,266.0,256.79998779296875,258.95001220703125,244.82080078125,59097
2019-10-23,256.3999938964844,260.6000061035156,252.8000030517578,259.3999938964844,245.24623107910156,69508
2019-10-24,257.1499938964844,258.0,234.5500030517578,237.4499969482422,224.493896484375,1970786
2019-10-25,240.0,240.0,213.75,216.9499969482422,205.11245727539062,1045755
2019-10-27,214.0,216.89999389648438,211.0,212.5500030517578,200.95254516601562,31218
2019-10-29,212.39999389648438,215.0,190.35000610351562,192.9499969482422,182.42198181152344,825202
2019-10-30,193.0,199.60000610351562,175.35000610351562,183.3000030517578,173.29852294921875,1090770
2019-10-31,184.0,193.10000610351562,177.64999389648438,189.8000030517578,179.44386291503906,1030951
2019-11-01,180.5,204.1999969482422,180.5,202.5500030517578,191.4981689453125,643388
2019-11-04,208.64999389648438,217.6999969482422,207.1999969482422,214.85000610351562,203.12704467773438,436114
2019-11-05,215.0,223.9499969482422,212.5500030517578,222.10000610351562,209.98146057128906,309395
2019-11-06,223.89999389648438,223.89999389648438,216.3000030517578,221.64999389648438,209.55599975585938,248021
2019-11-07,221.1999969482422,230.85000610351562,221.1999969482422,229.3000030517578,216.78860473632812,4513779
2019-11-08,229.3000030517578,229.3000030517578,216.3000030517578,218.25,206.34152221679688,1470194
2019-11-11,219.9499969482422,222.0,213.5500030517578,221.10000610351562,209.03602600097656,152635
2019-11-13,221.10000610351562,221.1999969482422,216.5500030517578,218.35000610351562,206.4360809326172,97002
2019-11-14,209.0,211.5500030517578,198.89999389648438,208.6999969482422,197.31260681152344,344124
2019-11-15,204.89999389648438,233.14999389648438,203.4499969482422,227.6999969482422,215.27589416503906,698456
2019-11-18,226.6999969482422,233.60000610351562,222.10000610351562,226.6999969482422,214.33045959472656,569473
2019-11-19,228.9499969482422,256.25,228.5,250.10000610351562,236.4536895751953,987574
2019-11-20,259.0,260.0,237.5500030517578,241.0,227.85020446777344,771353
2019-11-21,260.0,260.0,231.4499969482422,241.8000030517578,228.60655212402344,539102
2019-11-22,241.1999969482422,242.64999389648438,227.3000030517578,231.9499969482422,219.29400634765625,506179
2019-11-25,234.6999969482422,251.64999389648438,232.75,249.9499969482422,236.31185913085938,588367
2019-11-26,244.9499969482422,244.9499969482422,231.25,232.4499969482422,219.7667236328125,495995
2019-11-27,237.5,239.8000030517578,223.64999389648438,225.3000030517578,213.00685119628906,408667
2019-11-28,226.10000610351562,260.29998779296875,226.10000610351562,256.5,242.5044708251953,1575587
2019-11-29,248.0,282.79998779296875,238.3000030517578,276.0,260.94049072265625,3083492
2019-12-02,280.1000061035156,295.75,260.6499938964844,264.8999938964844,250.44613647460938,2589273
2019-12-03,270.5,270.5,237.0,248.14999389648438,234.61007690429688,1371576
2019-12-04,250.8000030517578,260.8999938964844,242.6999969482422,249.10000610351562,235.50823974609375,1547276
2019-12-05,252.0,256.5,243.89999389648438,246.5500030517578,233.09738159179688,456924
2019-12-06,254.0,261.8999938964844,247.85000610351562,259.3999938964844,245.24623107910156,1155011
2019-12-09,259.3999938964844,261.8999938964844,252.1999969482422,260.3999938964844,246.19166564941406,561571
2019-12-10,259.79998779296875,259.79998779296875,252.4499969482422,254.3000030517578,240.4245147705078,221052
2019-12-11,259.79998779296875,262.5,251.10000610351562,254.39999389648438,240.51904296875,415965
2019-12-12,259.8999938964844,259.8999938964844,248.8000030517578,252.14999389648438,238.39181518554688,2190844
2019-12-13,256.70001220703125,256.70001220703125,245.9499969482422,252.35000610351562,238.58091735839844,189357
2019-12-16,256.0,259.6499938964844,246.0,248.25,234.70462036132812,261714
2019-12-17,249.25,251.3000030517578,244.89999389648438,248.1999969482422,234.6573486328125,201408
2019-12-18,250.0,252.85000610351562,246.64999389648438,250.0500030517578,236.40640258789062,133122
2019-12-19,250.0,254.14999389648438,247.60000610351562,251.85000610351562,238.1082000732422,173485
2019-12-20,252.5500030517578,262.79998779296875,251.3000030517578,253.5,239.6681671142578,467983
2019-12-23,253.64999389648438,255.75,249.0,254.5,240.6136016845703,232723
2019-12-24,254.5,257.8500061035156,252.64999389648438,255.3000030517578,241.3699493408203,136133
2019-12-26,259.0,260.25,251.60000610351562,255.8000030517578,241.84266662597656,218130
2019-12-27,255.10000610351562,258.8999938964844,253.5,255.64999389648438,241.7008514404297,81315
2019-12-30,255.0,258.45001220703125,254.0500030517578,255.14999389648438,241.22813415527344,76154
2019-12-31,255.9499969482422,260.5,251.39999389648438,252.4499969482422,238.67544555664062,170998
2020-01-01,257.0,258.54998779296875,252.89999389648438,254.60000610351562,240.70814514160156,106838
2020-01-02,256.70001220703125,257.20001220703125,253.0,253.6999969482422,239.8572540283203,68564
2020-01-03,254.0,255.85000610351562,244.39999389648438,247.5500030517578,234.04281616210938,96064
2020-01-06,247.3000030517578,247.75,242.0500030517578,242.64999389648438,229.41017150878906,97097
2020-01-07,242.75,246.75,237.10000610351562,238.1999969482422,225.20298767089844,103721
2020-01-08,238.1999969482422,238.1999969482422,233.5500030517578,236.5,223.59573364257812,139770
2020-01-09,239.0,252.1999969482422,239.0,250.60000610351562,236.92640686035156,250601
2020-01-10,245.1999969482422,256.79998779296875,245.1999969482422,249.4499969482422,235.83914184570312,5806047
2020-01-13,249.5,252.4499969482422,243.6999969482422,246.35000610351562,232.90829467773438,116408
2020-01-14,247.25,249.0,245.8000030517578,247.85000610351562,234.32644653320312,69258
2020-01-15,249.0,252.0,245.75,247.35000610351562,233.85372924804688,434449
2020-01-16,246.60000610351562,249.1999969482422,241.10000610351562,242.85000610351562,229.59927368164062,85065
2020-01-17,225.0,228.60000610351562,210.85000610351562,218.3000030517578,206.3887939453125,1018427
2020-01-20,220.5,227.89999389648438,218.9499969482422,221.85000610351562,209.74510192871094,586215
2020-01-21,225.6999969482422,243.3000030517578,224.25,240.35000610351562,227.2356719970703,818596
2020-01-22,245.0,245.5,235.39999389648438,240.9499969482422,227.8029327392578,264690
2020-01-23,238.8000030517578,243.85000610351562,235.85000610351562,242.14999389648438,228.9374542236328,180091
2020-01-24,242.14999389648438,245.75,238.5,244.25,230.92286682128906,119612
2020-01-27,242.0,243.39999389648438,239.10000610351562,241.89999389648438,228.7010955810547,64497
2020-01-28,241.89999389648438,244.60000610351562,233.0,236.89999389648438,223.97390747070312,231508
2020-01-29,237.14999389648438,246.89999389648438,237.14999389648438,245.1999969482422,231.82102966308594,189280
2020-01-30,245.0,249.39999389648438,241.10000610351562,246.25,232.81375122070312,206341
2020-01-31,246.3000030517578,253.60000610351562,243.9499969482422,247.0,233.5228271484375,260057
2020-02-03,250.0,250.0,224.35000610351562,230.3000030517578,217.73403930664062,473202
2020-02-04,232.0,242.39999389648438,231.39999389648438,240.3000030517578,227.1884002685547,397605
2020-02-05,242.3000030517578,250.85000610351562,239.75,246.0,232.577392578125,347527
2020-02-06,246.5,251.0,240.9499969482422,245.10000610351562,231.72650146484375,133654
2020-02-07,245.10000610351562,249.1999969482422,242.75,247.64999389648438,234.13735961914062,193354
2020-02-10,247.64999389648438,252.35000610351562,238.4499969482422,239.3000030517578,226.2429656982422,114361
2020-02-11,243.25,249.0,241.5,248.8000030517578,235.224609375,62546
2020-02-12,244.3000030517578,248.0,242.1999969482422,243.8000030517578,230.4974365234375,72548
2020-02-13,250.0,250.0,242.1999969482422,245.14999389648438,231.7737579345703,90589
2020-02-14,246.5500030517578,251.0500030517578,227.9499969482422,235.25,222.4139404296875,624248
2020-02-17,231.60000610351562,239.85000610351562,231.60000610351562,235.0500030517578,222.224853515625,158404
2020-02-18,235.0,236.10000610351562,200.6999969482422,210.10000610351562,198.63621520996094,581953
2020-02-19,213.35000610351562,228.25,213.35000610351562,225.10000610351562,212.81776428222656,662190
2020-02-20,227.0,230.6999969482422,224.4499969482422,226.10000610351562,213.76321411132812,227211
2020-02-24,248.6999969482422,248.6999969482422,207.39999389648438,215.8000030517578,204.02520751953125,552436
2020-02-25,218.4499969482422,221.75,208.0,216.4499969482422,204.63973999023438,360924
2020-02-26,218.5,221.14999389648438,211.3000030517578,218.75,206.81423950195312,724756
2020-02-27,221.5,225.5,214.85000610351562,223.39999389648438,211.21051025390625,7619915
2020-02-28,220.89999389648438,220.89999389648438,211.0,214.5500030517578,202.84341430664062,6362065
2020-03-02,220.0,225.89999389648438,210.6999969482422,216.5,204.68701171875,240890
2020-03-03,222.0,225.0,213.5500030517578,219.39999389648438,207.42877197265625,267096
2020-03-04,220.0,222.75,216.0,220.9499969482422,208.89419555664062,81641
2020-03-05,221.9499969482422,221.9499969482422,211.64999389648438,214.6999969482422,202.98521423339844,194322
2020-03-06,209.0,209.0,201.1999969482422,204.0,192.86904907226562,132280
2020-03-09,196.0500030517578,214.6999969482422,195.25,211.14999389648438,199.62892150878906,348508
2020-03-11,211.14999389648438,226.64999389648438,207.25,224.60000610351562,212.3450469970703,314681
2020-03-12,203.0,224.3000030517578,203.0,221.1999969482422,209.13055419921875,308832
2020-03-13,215.5,241.64999389648438,211.25,227.25,214.85044860839844,356612
2020-03-16,220.0,220.5,203.0500030517578,209.5,198.06895446777344,191040
2020-03-17,209.35000610351562,213.3000030517578,190.6999969482422,194.0500030517578,183.4619598388672,606119
2020-03-18,194.0,202.0,148.25,150.14999389648438,141.95729064941406,856169
2020-03-19,150.0,150.0,121.25,124.0,117.234130859375,737181
2020-03-20,125.05000305175781,155.4499969482422,123.30000305175781,149.8000030517578,141.6263885498047,634174
2020-03-23,140.0,147.10000610351562,134.85000610351562,143.0,135.19741821289062,190870
2020-03-24,140.0500030517578,150.89999389648438,131.14999389648438,142.5500030517578,134.77198791503906,302835
2020-03-25,130.3000030517578,151.5,130.3000030517578,147.64999389648438,139.5937042236328,129353
2020-03-26,161.0,165.10000610351562,148.0500030517578,157.1999969482422,148.62261962890625,293201
2020-03-27,167.0,167.0,153.35000610351562,157.1999969482422,148.62261962890625,171227
2020-03-30,157.0,157.3000030517578,147.3000030517578,155.14999389648438,146.68447875976562,109253
2020-03-31,157.0,163.0500030517578,155.0,160.10000610351562,151.36439514160156,54697
2020-04-01,158.39999389648438,160.5,150.6999969482422,155.3000030517578,146.8262939453125,42921
2020-04-03,154.9499969482422,159.25,154.25,156.3000030517578,147.771728515625,153018
2020-04-07,171.89999389648438,171.89999389648438,157.39999389648438,159.4499969482422,150.74984741210938,179180
2020-04-08,159.9499969482422,170.0,157.89999389648438,166.60000610351562,157.50973510742188,168852
2020-04-09,162.3000030517578,175.64999389648438,162.3000030517578,174.10000610351562,164.6005096435547,81212
2020-04-13,174.10000610351562,179.0,171.60000610351562,177.5500030517578,167.8622589111328,110716
2020-04-15,182.0,182.0,172.0,173.8000030517578,164.31687927246094,92352
2020-04-16,177.89999389648438,177.89999389648438,166.10000610351562,171.25,161.906005859375,97215
2020-04-17,179.9499969482422,179.9499969482422,167.0,168.1999969482422,159.0224151611328,101624
2020-04-20,172.1999969482422,172.1999969482422,158.35000610351562,159.39999389648438,150.70257568359375,246509
2020-04-21,159.39999389648438,165.0,155.60000610351562,163.0,154.1061553955078,160609
2020-04-22,169.0,169.0,164.1999969482422,167.5,158.36062622070312,107124
2020-04-23,172.9499969482422,174.5,165.89999389648438,166.14999389648438,157.0842742919922,139707
2020-04-24,171.0500030517578,172.8000030517578,149.5500030517578,152.10000610351562,143.8009033203125,622129
2020-04-27,152.35000610351562,160.3000030517578,152.35000610351562,157.1999969482422,148.62261962890625,237011
2020-04-28,161.0,161.0,155.0,159.3000030517578,150.60804748535156,108982
2020-04-29,161.39999389648438,163.9499969482422,157.0500030517578,162.9499969482422,154.0588836669922,108110
2020-04-30,163.5,175.89999389648438,162.39999389648438,174.5500030517578,165.0259552001953,241952
2020-05-04,173.0,173.0,163.6999969482422,168.8000030517578,159.58969116210938,87809
2020-05-05,169.0,183.6999969482422,164.89999389648438,170.35000610351562,161.05511474609375,807776
2020-05-06,178.0,178.0,159.64999389648438,160.89999389648438,152.1207275390625,312044
2020-05-07,160.0,174.25,156.60000610351562,172.8000030517578,163.37142944335938,585927
2020-05-08,172.8000030517578,176.4499969482422,167.5,174.39999389648438,164.88412475585938,433489
2020-05-11,175.5,187.64999389648438,173.75,183.3000030517578,173.29852294921875,274538
2020-05-12,185.89999389648438,192.25,178.5500030517578,189.8000030517578,179.44386291503906,502653
2020-05-13,194.0,198.3000030517578,191.75,196.14999389648438,185.44737243652344,312556
2020-05-14,194.9499969482422,213.60000610351562,190.0500030517578,209.5,198.06895446777344,1043677
2020-05-15,205.0,207.3000030517578,200.8000030517578,202.5,191.45089721679688,256239
2020-05-18,207.25,210.0,202.35000610351562,207.1999969482422,195.8944549560547,469468
2020-05-19,213.0,220.64999389648438,205.89999389648438,218.35000610351562,206.4360809326172,357752
2020-05-20,214.89999389648438,217.4499969482422,196.1999969482422,201.0,190.03274536132812,622151
2020-05-21,204.0,209.5,204.0,205.85000610351562,194.6181182861328,334756
2020-05-22,205.89999389648438,212.5,200.5,207.5,196.17808532714844,289675
2020-05-26,208.8000030517578,214.3000030517578,203.3000030517578,208.1999969482422,196.8398895263672,250762
2020-05-27,209.6999969482422,218.4499969482422,208.10000610351562,216.75,204.92337036132812,172744
2020-05-28,218.0,225.0,214.35000610351562,223.85000610351562,211.63597106933594,189372
2020-05-29,224.0,242.60000610351562,224.0,229.64999389648438,217.11949157714844,778146
2020-06-01,231.0,238.25,222.0,224.25,212.01414489746094,357714
2020-06-02,229.89999389648438,229.89999389648438,222.5,223.25,211.06871032714844,251746
2020-06-03,227.0,227.6999969482422,216.1999969482422,219.0,207.05059814453125,361964
2020-06-04,220.9499969482422,223.89999389648438,214.14999389648438,219.5,207.5233154296875,183320
2020-06-05,227.75,239.4499969482422,223.60000610351562,236.14999389648438,223.26483154296875,532485
2020-06-08,238.5,240.75,228.8000030517578,230.1999969482422,217.6394805908203,269865
2020-06-09,233.89999389648438,240.25,225.75,233.35000610351562,220.61761474609375,353683
2020-06-10,233.35000610351562,240.6999969482422,229.6999969482422,232.9499969482422,220.23944091796875,339043
2020-06-11,234.89999389648438,237.14999389648438,207.35000610351562,210.85000610351562,199.34530639648438,901049
2020-06-12,205.0500030517578,226.64999389648438,201.0,225.10000610351562,212.81776428222656,935999
2020-06-15,226.0,228.6999969482422,217.64999389648438,222.8000030517578,210.6432647705078,253460
2020-06-16,227.0,228.3000030517578,214.89999389648438,216.0500030517578,204.26156616210938,1027345
2020-06-17,215.0,216.39999389648438,205.3000030517578,206.39999389648438,195.13809204101562,488856
2020-06-18,209.10000610351562,213.8000030517578,205.5500030517578,209.3000030517578,197.87986755371094,676359
2020-06-22,219.9499969482422,227.8000030517578,218.39999389648438,222.89999389648438,210.73779296875,480634
2020-06-23,228.0,233.25,224.10000610351562,232.3000030517578,219.62490844726562,513445
2020-06-24,234.5,237.25,227.4499969482422,233.14999389648438,220.42852783203125,710784
2020-06-25,221.64999389648438,232.14999389648438,218.10000610351562,228.1999969482422,215.7486114501953,664025
2020-06-26,231.6999969482422,231.6999969482422,218.1999969482422,220.75,208.70510864257812,580456
2020-06-29,220.75,224.85000610351562,211.14999389648438,219.14999389648438,207.19241333007812,498739
2020-06-30,222.0,224.0,218.8000030517578,221.4499969482422,209.36691284179688,172437
2020-07-01,224.89999389648438,224.89999389648438,216.35000610351562,218.6999969482422,206.7669677734375,153752
2020-07-02,219.0,222.75,218.35000610351562,222.35000610351562,210.2178192138672,205524
2020-07-06,227.39999389648438,228.5500030517578,223.8000030517578,226.5,214.14137268066406,529021
2020-07-07,225.0,225.0500030517578,218.6999969482422,223.25,211.06871032714844,386246
2020-07-08,223.25,224.5,218.5,219.3000030517578,207.334228515625,171988
2020-07-09,220.1999969482422,220.1999969482422,212.75,214.5500030517578,202.84341430664062,252926
2020-07-10,216.0,216.0,206.3000030517578,209.0,197.5962371826172,342350
2020-07-13,209.89999389648438,212.5500030517578,208.25,211.60000610351562,200.05438232421875,260829
2020-07-14,211.9499969482422,215.3000030517578,207.64999389648438,208.8000030517578,197.4071502685547,579864
2020-07-15,212.89999389648438,212.89999389648438,203.0,204.10000610351562,192.96360778808594,348288
2020-07-16,204.14999389648438,205.9499969482422,188.85000610351562,189.89999389648438,179.53839111328125,1402828
2020-07-17,195.0,200.6999969482422,190.89999389648438,197.85000610351562,187.05462646484375,1511386
2020-07-20,203.0,208.8000030517578,193.5,201.75,190.7418212890625,985283
2020-07-21,203.5500030517578,205.0,197.64999389648438,198.75,187.905517578125,597518
2020-07-22,200.0,203.8000030517578,198.14999389648438,200.4499969482422,189.51275634765625,532176
2020-07-23,202.0,202.0,198.39999389648438,200.6999969482422,189.74911499023438,386852
2020-07-24,200.0,200.0,192.35000610351562,195.6999969482422,185.0219268798828,723697
2020-07-27,196.1999969482422,197.0,191.0,194.5500030517578,183.93467712402344,510818
2020-07-28,194.6999969482422,194.89999389648438,187.85000610351562,190.5500030517578,180.15293884277344,444568
2020-07-29,191.1999969482422,199.0,190.3000030517578,196.35000610351562,185.636474609375,485301
2020-07-30,198.0,199.8000030517578,191.64999389648438,192.5500030517578,182.04380798339844,155981
2020-07-31,193.10000610351562,196.1999969482422,188.64999389648438,192.14999389648438,181.66561889648438,684103
2020-08-03,192.10000610351562,194.4499969482422,188.0,189.35000610351562,179.01841735839844,1033416
2020-08-04,190.10000610351562,193.0,189.85000610351562,191.39999389648438,180.95654296875,431114
2020-08-05,191.9499969482422,193.25,189.5,191.14999389648438,180.72018432617188,212794
2020-08-06,190.5,196.64999389648438,190.5,191.5,181.0511016845703,358963
2020-08-07,194.89999389648438,194.89999389648438,188.0,192.5500030517578,182.04380798339844,221483
2020-08-10,193.3000030517578,198.0,191.89999389648438,196.9499969482422,186.20372009277344,203947
2020-08-11,199.0,199.0,192.35000610351562,194.3000030517578,183.6983184814453,98028
2020-08-12,196.8000030517578,196.8000030517578,192.14999389648438,194.25,183.6510467529297,300196
2020-08-13,195.0,202.0,193.5500030517578,201.4499969482422,190.45819091796875,227808
2020-08-14,201.8000030517578,205.35000610351562,197.6999969482422,199.10000610351562,188.23641967773438,608233
2020-08-17,199.8000030517578,200.85000610351562,196.75,199.75,188.8509521484375,89707
2020-08-18,195.0,203.6999969482422,195.0,200.6999969482422,189.74911499023438,87196
2020-08-19,201.0,203.6999969482422,195.0,201.3000030517578,190.31637573242188,140666
2020-08-20,200.0,200.75,197.0,199.64999389648438,188.7563934326172,527762
2020-08-21,199.8000030517578,201.1999969482422,197.5,199.4499969482422,188.56732177734375,315036
2020-08-24,199.4499969482422,200.9499969482422,193.25,199.60000610351562,188.70913696289062,408535
2020-08-25,199.60000610351562,200.1999969482422,196.1999969482422,198.25,187.43280029296875,520983
2020-08-26,198.0,203.1999969482422,197.0,200.60000610351562,189.65457153320312,244990
2020-08-27,201.0,202.3000030517578,198.3000030517578,199.85000610351562,188.94549560546875,240453
2020-08-28,199.0,213.64999389648438,199.0,201.39999389648438,190.41091918945312,747424
2020-08-31,206.5,211.5,194.60000610351562,198.25,187.43280029296875,617591
2020-09-01,208.0,208.0,178.4499969482422,188.6999969482422,178.40386962890625,1264942
2020-09-02,192.25,198.4499969482422,192.25,196.10000610351562,185.40011596679688,760149
2020-09-03,199.0,222.0,197.0,218.75,206.81423950195312,2456688
2020-09-04,213.0,230.75,207.5500030517578,214.75,203.03250122070312,2396393
2020-09-07,218.0,235.4499969482422,217.8000030517578,231.39999389648438,218.7740020751953,1213037
2020-09-08,228.8000030517578,228.8000030517578,211.3000030517578,212.75,201.14161682128906,905680
2020-09-09,212.75,213.25,205.85000610351562,210.5500030517578,199.06166076660156,389798
2020-09-10,214.0,214.0,198.0500030517578,199.85000610351562,188.94549560546875,559951
2020-09-11,202.0,208.5500030517578,200.75,201.85000610351562,190.83636474609375,565058
2020-09-14,204.0,205.75,199.35000610351562,202.5,191.45089721679688,528318
2020-09-15,203.14999389648438,203.85000610351562,200.35000610351562,202.25,191.21453857421875,152912
2020-09-16,203.89999389648438,204.39999389648438,199.0500030517578,200.0500030517578,189.13458251953125,146384
2020-09-17,200.75,200.75,195.60000610351562,196.3000030517578,185.5891876220703,154610
2020-09-18,198.5,200.5500030517578,195.35000610351562,199.1999969482422,188.33094787597656,219123
2020-09-21,199.1999969482422,199.1999969482422,186.85000610351562,188.39999389648438,178.1202392578125,197962
2020-09-22,188.6999969482422,192.60000610351562,179.5,180.3000030517578,170.4622039794922,303716
2020-09-23,180.39999389648438,182.35000610351562,162.60000610351562,167.0500030517578,157.9351806640625,649016
2020-09-24,161.3000030517578,175.5,161.3000030517578,168.60000610351562,159.40060424804688,1276623
2020-09-25,174.85000610351562,184.75,171.0500030517578,182.89999389648438,172.9203338623047,640913
2020-09-28,183.0,187.4499969482422,181.3000030517578,185.8000030517578,175.662109375,441066
2020-09-29,182.0,185.8000030517578,177.3000030517578,178.64999389648438,168.90223693847656,509760
2020-09-30,179.1999969482422,179.64999389648438,173.64999389648438,175.25,165.68775939941406,521762
2020-10-01,178.85000610351562,182.1999969482422,176.9499969482422,178.64999389648438,168.90223693847656,338932
2020-10-05,181.5,182.8000030517578,176.8000030517578,178.5500030517578,168.8076934814453,190085
2020-10-06,181.0,183.14999389648438,179.5500030517578,181.6999969482422,171.7858123779297,347079
2020-10-07,182.0500030517578,188.1999969482422,181.75,185.10000610351562,175.00030517578125,340325
2020-10-08,187.8000030517578,191.64999389648438,184.6999969482422,191.0500030517578,180.6256561279297,242682
2020-10-09,191.89999389648438,192.8000030517578,184.9499969482422,186.3000030517578,176.13482666015625,276622
2020-10-12,187.9499969482422,192.89999389648438,186.1999969482422,188.75,178.45114135742188,300315
2020-10-13,188.75,188.75,180.0,182.0500030517578,172.11672973632812,247827
2020-10-14,181.9499969482422,191.89999389648438,181.8000030517578,189.4499969482422,179.11294555664062,463919
2020-10-15,189.89999389648438,195.0,177.5500030517578,180.6999969482422,170.8403778076172,353909
2020-10-16,182.14999389648438,184.0,178.1999969482422,182.5500030517578,172.58944702148438,210454
2020-10-19,184.0,184.5500030517578,179.25,181.10000610351562,171.21856689453125,165711
2020-10-20,181.1999969482422,190.85000610351562,181.1999969482422,190.0500030517578,179.6802215576172,499531
2020-10-21,190.35000610351562,193.5,188.39999389648438,192.5,181.9965362548828,216041
2020-10-22,192.8000030517578,196.60000610351562,190.8000030517578,196.0500030517578,185.3528289794922,184883
2020-10-23,198.6999969482422,205.64999389648438,189.39999389648438,192.1999969482422,181.71290588378906,660461
2020-10-26,194.89999389648438,194.89999389648438,185.6999969482422,188.3000030517578,178.02569580078125,171390
2020-10-27,189.0,195.39999389648438,188.0,188.64999389648438,178.35659790039062,190831
2020-10-28,191.8000030517578,194.35000610351562,183.75,186.0,175.8511962890625,438191
2020-10-29,189.85000610351562,189.85000610351562,180.35000610351562,184.0500030517578,174.00759887695312,296195
2020-10-30,183.0,186.89999389648438,179.25,185.5500030517578,175.42575073242188,143770
2020-11-02,185.10000610351562,186.9499969482422,179.8000030517578,180.6999969482422,170.8403778076172,343552
2020-11-03,181.14999389648438,183.5500030517578,180.25,181.5500030517578,171.64401245117188,251505
2020-11-04,182.4499969482422,182.4499969482422,176.6999969482422,178.0500030517578,168.33497619628906,237964
2020-11-05,180.9499969482422,180.9499969482422,176.60000610351562,178.14999389648438,168.4295196533203,354925
2020-11-06,180.0,182.6999969482422,178.85000610351562,179.39999389648438,169.61131286621094,416275
2020-11-09,180.0,182.0500030517578,177.60000610351562,178.60000610351562,168.85496520996094,139251
2020-11-10,179.0,180.5500030517578,175.4499969482422,177.10000610351562,167.4368133544922,2418295
2020-11-11,177.6999969482422,179.5500030517578,175.3000030517578,176.9499969482422,167.2949981689453,290170
2020-11-12,177.5,181.6999969482422,177.10000610351562,179.10000610351562,169.3276824951172,550194
2020-11-13,179.8000030517578,181.4499969482422,178.75,180.75,170.8876495361328,92673
2020-11-14,181.35000610351562,182.5,180.85000610351562,181.3000030517578,171.40765380859375,66087
2020-11-17,181.3000030517578,186.6999969482422,181.25,185.39999389648438,175.283935546875,201207
2020-11-18,186.5,190.6999969482422,184.5500030517578,190.0,179.6329345703125,175921
2020-11-19,192.6999969482422,194.10000610351562,184.1999969482422,185.60000610351562,175.4730224609375,771961
2020-11-20,191.5,222.6999969482422,188.25,218.5,206.577880859375,2764325
2020-11-23,223.39999389648438,223.39999389648438,208.64999389648438,218.0,206.10516357421875,1093465
2020-11-24,218.60000610351562,238.0,216.6999969482422,218.89999389648438,206.9560546875,1072290
2020-11-25,219.0,226.9499969482422,214.14999389648438,215.10000610351562,203.3634033203125,727989
2020-11-26,216.0,221.0500030517578,215.39999389648438,218.64999389648438,206.71969604492188,386108
2020-11-27,220.5,224.0,216.0,218.25,206.34152221679688,194062
2020-12-01,228.0,228.0,215.0500030517578,215.9499969482422,204.16702270507812,696036
2020-12-02,224.0,229.0500030517578,209.85000610351562,224.8000030517578,212.5341339111328,81220900
2020-12-03,226.8000030517578,247.25,222.3000030517578,239.5500030517578,226.4793243408203,2158124
2020-12-04,239.5500030517578,239.6999969482422,234.0,237.25,224.30482482910156,443614
2020-12-07,238.0,249.39999389648438,234.3000030517578,244.6999969482422,231.3483123779297,454501
2020-12-08,242.6999969482422,248.5500030517578,238.1999969482422,240.35000610351562,227.2356719970703,373497
2020-12-09,240.25,247.64999389648438,240.25,246.39999389648438,232.95555114746094,328749
2020-12-10,227.0,248.35000610351562,227.0,245.8000030517578,232.3883056640625,406541
2020-12-11,245.5500030517578,247.3000030517578,240.85000610351562,244.89999389648438,231.5373992919922,6928014
2020-12-14,245.10000610351562,252.85000610351562,245.0,246.5,233.05010986328125,461773
2020-12-15,246.0,248.3000030517578,244.14999389648438,246.85000610351562,233.38101196289062,217768
2020-12-16,248.0,248.64999389648438,243.85000610351562,245.39999389648438,232.01011657714844,131638
2020-12-17,244.89999389648438,247.1999969482422,240.14999389648438,241.5,228.3229217529297,192298
2020-12-18,241.89999389648438,244.10000610351562,229.9499969482422,230.85000610351562,218.2540283203125,116177
2020-12-21,221.0,247.14999389648438,221.0,233.1999969482422,220.47579956054688,319408
2020-12-22,229.1999969482422,234.0,224.0,233.0,220.28671264648438,144929
2020-12-23,233.0,238.35000610351562,226.75,237.0,224.06846618652344,100155
2020-12-24,238.3000030517578,243.39999389648438,235.35000610351562,239.14999389648438,226.10113525390625,217661
2020-12-28,242.75,242.8000030517578,235.5500030517578,236.75,223.8321075439453,86568
2020-12-29,237.9499969482422,239.75,230.25,234.6999969482422,221.89395141601562,308335
2020-12-30,239.0,239.0,229.3000030517578,231.4499969482422,218.8212890625,145625
2020-12-31,231.35000610351562,232.8000030517578,229.0,229.75,217.21405029296875,117450
2021-01-01,231.60000610351562,237.3000030517578,230.5500030517578,235.25,222.4139404296875,59003
2021-01-04,238.0,242.75,237.3000030517578,241.60000610351562,228.41748046875,106356
2021-01-05,237.60000610351562,264.70001220703125,237.60000610351562,254.0500030517578,240.1881561279297,765577
2021-01-06,258.0,270.8999938964844,255.25,261.5,247.23165893554688,267303
2021-01-07,263.0,274.95001220703125,254.4499969482422,266.3999938964844,251.86428833007812,565819
2021-01-08,269.70001220703125,272.8999938964844,266.54998779296875,270.3999938964844,255.64602661132812,118927
2021-01-11,273.3500061035156,273.3500061035156,260.70001220703125,262.54998779296875,248.22434997558594,94353
2021-01-12,263.0,268.3500061035156,257.45001220703125,261.54998779296875,247.27891540527344,205505
2021-01-13,268.0,269.70001220703125,253.75,258.20001220703125,244.11172485351562,167706
2021-01-14,261.1000061035156,261.1000061035156,254.0,255.64999389648438,241.7008514404297,88858
2021-01-15,258.5,266.8999938964844,257.3500061035156,262.3500061035156,248.0352783203125,174417
2021-01-18,263.0,263.0,242.25,258.5,244.3953399658203,266596
2021-01-19,255.1999969482422,260.8500061035156,255.1999969482422,258.3500061035156,244.2535400390625,105681
2021-01-20,258.3500061035156,259.54998779296875,253.60000610351562,254.25,240.3772430419922,65710
2021-01-21,258.8999938964844,258.8999938964844,241.0500030517578,246.0,232.577392578125,142844
2021-01-22,250.5500030517578,250.5500030517578,237.0,241.5500030517578,228.3701934814453,58289
2021-01-25,245.0,245.0,233.6999969482422,238.5500030517578,225.5338897705078,107793
2021-01-27,239.39999389648438,246.3000030517578,236.25,238.5500030517578,225.5338897705078,115734
2021-01-28,232.10000610351562,243.64999389648438,232.10000610351562,241.25,228.08656311035156,172833
2021-01-29,247.0,247.89999389648438,229.0,231.6999969482422,219.05764770507812,256390
2021-02-01,235.60000610351562,241.64999389648438,231.60000610351562,240.10000610351562,226.9993133544922,201853
2021-02-02,244.5,253.0,242.6999969482422,247.14999389648438,233.6646270751953,141224
2021-02-03,252.89999389648438,252.89999389648438,244.5500030517578,248.25,234.70462036132812,1462082
2021-02-04,250.0,256.5,248.89999389648438,253.85000610351562,239.9990692138672,265650
2021-02-05,256.0,256.0,246.89999389648438,254.14999389648438,240.28268432617188,127524
2021-02-08,239.0,245.0,236.64999389648438,239.89999389648438,226.8102264404297,173798
2021-02-09,241.14999389648438,263.3999938964844,241.14999389648438,253.75,239.90452575683594,396857
2021-02-10,253.64999389648438,253.64999389648438,244.4499969482422,247.64999389648438,234.13735961914062,226860
2021-02-11,248.0,251.64999389648438,245.35000610351562,250.1999969482422,236.5482177734375,113565
2021-02-12,250.0,255.10000610351562,244.3000030517578,245.6999969482422,232.2937469482422,77686
2021-02-15,251.4499969482422,251.9499969482422,246.75,249.0500030517578,235.46096801757812,153896
2021-02-16,250.0,252.0,244.25,246.75,233.28646850585938,33935
2021-02-17,248.89999389648438,258.5,247.10000610351562,256.6000061035156,242.59901428222656,179276
2021-02-18,258.8999938964844,264.5,250.6999969482422,259.75,245.57713317871094,239219
2021-02-19,259.79998779296875,265.8999938964844,254.0,260.6000061035156,246.38076782226562,250380
2021-02-22,263.0,271.20001220703125,261.5,266.3999938964844,251.86428833007812,181847
2021-02-23,266.6499938964844,277.54998779296875,266.6499938964844,271.1499938964844,256.3551025390625,302622
2021-02-24,273.75,282.0,264.0,277.5,262.358642578125,504985
2021-02-25,281.5,282.0,269.70001220703125,273.6000061035156,258.67144775390625,183671
2021-02-26,269.0,272.8500061035156,253.60000610351562,257.3999938964844,243.35536193847656,311390
2021-03-01,261.0,264.95001220703125,250.64999389648438,252.35000610351562,238.58091735839844,95412
2021-03-02,256.0,259.29998779296875,251.39999389648438,257.79998779296875,243.7335205078125,112976
2021-03-03,259.0,260.5,256.1000061035156,257.8500061035156,243.78082275390625,77505
2021-03-04,257.0,261.29998779296875,253.3000030517578,259.04998779296875,244.9153289794922,62655
2021-03-05,255.0,258.79998779296875,245.0500030517578,249.1999969482422,235.602783203125,150258
2021-03-08,251.39999389648438,255.5,249.35000610351562,252.25,238.4863739013672,91261
2021-03-09,254.89999389648438,256.45001220703125,249.5500030517578,252.0500030517578,238.2972869873047,120609
2021-03-10,250.0,255.89999389648438,249.1999969482422,254.64999389648438,240.75540161132812,37905
2021-03-12,255.10000610351562,261.0,251.0500030517578,252.75,238.95909118652344,58667
2021-03-15,252.0,255.9499969482422,248.1999969482422,254.8000030517578,240.89723205566406,71767
2021-03-16,257.0,264.79998779296875,256.5,262.3500061035156,248.0352783203125,179199
2021-03-17,264.95001220703125,264.95001220703125,253.5500030517578,254.25,240.3772430419922,35636
2021-03-18,255.5500030517578,263.3999938964844,254.5,256.25,242.2681121826172,59283
2021-03-19,247.0,266.70001220703125,241.6999969482422,262.5,248.17709350585938,269486
2021-03-22,258.0,261.0,257.0,258.45001220703125,244.34808349609375,53609
2021-03-23,257.3999938964844,262.8999938964844,254.25,255.10000610351562,241.1808624267578,87603
2021-03-24,251.25,254.3000030517578,246.6999969482422,247.89999389648438,234.37371826171875,30380
2021-03-25,242.0,249.8000030517578,239.8000030517578,241.8000030517578,228.60655212402344,46134
2021-03-26,247.0,247.5,235.3000030517578,240.39999389648438,227.28294372558594,91950
2021-03-30,241.5,261.6000061035156,241.39999389648438,254.9499969482422,241.03904724121094,282733
2021-03-31,244.39999389648438,255.5,243.64999389648438,245.3000030517578,231.91558837890625,176624
2021-04-01,247.14999389648438,256.79998779296875,246.75,255.1999969482422,241.27540588378906,155888
2021-04-05,258.95001220703125,258.95001220703125,245.5,251.85000610351562,238.1082000732422,67473
2021-04-06,252.0,254.75,248.14999389648438,250.9499969482422,237.25729370117188,77210
2021-04-07,250.10000610351562,255.0,250.10000610351562,252.0,238.25,45265
2021-04-08,254.5,269.25,253.0,263.8500061035156,249.45343017578125,555146
2021-04-09,266.3999938964844,267.79998779296875,255.25,256.6499938964844,242.6462860107422,200121
2021-04-12,255.8000030517578,255.8000030517578,241.0,242.64999389648438,229.41017150878906,113897
2021-04-13,242.8000030517578,247.14999389648438,242.10000610351562,244.9499969482422,231.5846710205078,82164
2021-04-15,244.9499969482422,252.8000030517578,242.25,251.1999969482422,237.49365234375,74645
2021-04-16,251.1999969482422,263.5,251.1999969482422,260.1499938964844,245.95530700683594,240905
2021-04-19,248.5500030517578,255.0,248.5500030517578,253.35000610351562,239.52635192871094,104652
2021-04-20,256.0,265.29998779296875,250.8000030517578,256.1000061035156,242.1262969970703,201248
2021-04-22,255.0,262.5,248.9499969482422,260.54998779296875,246.33348083496094,267284
2021-04-23,260.45001220703125,268.95001220703125,250.10000610351562,251.89999389648438,238.15545654296875,379932
2021-04-26,254.0,256.0,247.3000030517578,248.0,234.46826171875,92629
2021-04-27,251.0,257.45001220703125,249.8000030517578,251.10000610351562,237.3991241455078,84298
2021-04-28,256.0,256.1000061035156,251.85000610351562,255.60000610351562,241.65357971191406,115743
2021-04-29,256.0,261.5,250.60000610351562,252.4499969482422,238.67544555664062,100120
2021-04-30,250.25,257.54998779296875,250.0,252.5500030517578,238.77000427246094,159023
2021-05-03,252.5500030517578,262.0,250.5,260.75,246.5225830078125,178202
2021-05-04,262.5,264.95001220703125,251.8000030517578,253.60000610351562,239.76271057128906,143371
2021-05-05,258.5,258.5,251.10000610351562,253.60000610351562,239.76271057128906,75085
2021-05-06,255.75,259.79998779296875,253.10000610351562,259.1499938964844,245.00987243652344,148700
2021-05-07,260.0,260.0,253.64999389648438,254.8000030517578,240.89723205566406,65911
2021-05-10,257.79998779296875,257.8999938964844,254.5,257.04998779296875,243.02444458007812,64352
2021-05-11,260.0,263.54998779296875,255.10000610351562,256.6499938964844,242.6462860107422,96599
2021-05-12,258.5,258.5,250.10000610351562,251.6999969482422,237.96636962890625,100045
2021-05-14,252.75,256.0,244.0,244.4499969482422,231.11195373535156,128945
2021-05-17,247.5500030517578,247.5500030517578,238.10000610351562,243.5500030517578,230.26107788085938,139619
2021-05-18,247.0,247.0,242.10000610351562,242.89999389648438,229.6465301513672,161696
2021-05-19,242.89999389648438,244.89999389648438,242.10000610351562,243.5,230.2137908935547,85388
2021-05-20,245.5,246.64999389648438,241.8000030517578,243.64999389648438,230.35560607910156,91195
2021-05-21,245.0,246.14999389648438,242.39999389648438,245.1999969482422,231.82102966308594,63701
2021-05-24,246.0,246.0,241.60000610351562,242.10000610351562,228.89019775390625,61323
2021-05-25,244.6999969482422,244.6999969482422,241.4499969482422,241.89999389648438,228.7010955810547,59547
2021-05-26,242.5,243.25,241.10000610351562,241.5500030517578,228.3701934814453,76601
2021-05-27,243.1999969482422,244.5,238.5500030517578,242.6999969482422,229.4574432373047,152677
2021-05-28,244.0,245.14999389648438,241.10000610351562,241.9499969482422,228.7483673095703,113704
2021-05-31,242.5,244.39999389648438,241.0,242.3000030517578,229.0792694091797,96456
2021-06-01,243.89999389648438,243.89999389648438,238.85000610351562,241.85000610351562,228.65383911132812,58552
2021-06-02,239.6999969482422,242.1999969482422,239.0,241.0500030517578,227.89747619628906,86827
2021-06-03,241.10000610351562,246.9499969482422,241.10000610351562,246.4499969482422,233.00283813476562,78517
2021-06-04,247.9499969482422,248.85000610351562,244.35000610351562,248.10000610351562,234.56280517578125,172853
2021-06-07,249.10000610351562,255.4499969482422,248.0,252.60000610351562,238.81727600097656,165150
2021-06-08,256.0,259.20001220703125,251.1999969482422,257.25,243.2135467529297,247957
2021-06-09,261.45001220703125,261.45001220703125,249.39999389648438,251.1999969482422,237.49365234375,116802
2021-06-10,256.0,256.0,252.4499969482422,254.25,240.3772430419922,42164
2021-06-11,254.60000610351562,256.29998779296875,252.75,255.4499969482422,241.5117645263672,46669
2021-06-14,256.0,256.0,250.0,254.64999389648438,240.75540161132812,44789
2021-06-15,257.8999938964844,257.8999938964844,252.6999969482422,253.89999389648438,240.04632568359375,42091
2021-06-16,253.89999389648438,256.04998779296875,251.10000610351562,252.0500030517578,238.2972869873047,40564
2021-06-17,251.39999389648438,255.8000030517578,246.0,247.3000030517578,233.80645751953125,170881
2021-06-18,249.8000030517578,249.8000030517578,237.89999389648438,245.9499969482422,232.53012084960938,151051
2021-06-21,243.6999969482422,247.0,241.35000610351562,245.4499969482422,232.05738830566406,92151
2021-06-22,253.0,258.8500061035156,248.4499969482422,249.89999389648438,236.26458740234375,483413
2021-06-23,251.35000610351562,251.35000610351562,241.0500030517578,242.64999389648438,229.41017150878906,256214
2021-06-24,245.89999389648438,245.89999389648438,241.35000610351562,243.5,230.2137908935547,90307
2021-06-25,244.89999389648438,245.85000610351562,241.60000610351562,244.39999389648438,231.06468200683594,293343
2021-06-28,246.8000030517578,248.0,243.0,245.5500030517578,232.15194702148438,115918
2021-06-29,244.89999389648438,245.5,240.5,241.75,228.5592803955078,131285
2021-06-30,243.5,243.5,237.5500030517578,238.75,225.7229766845703,157377
2021-07-01,237.0,239.0,231.64999389648438,234.5500030517578,221.75213623046875,198118
2021-07-02,235.1999969482422,238.6999969482422,233.60000610351562,234.6999969482422,221.89395141601562,143605
2021-07-05,236.89999389648438,236.89999389648438,233.35000610351562,235.6999969482422,222.83938598632812,107522
2021-07-06,235.6999969482422,236.89999389648438,233.14999389648438,234.10000610351562,221.3267059326172,97791
2021-07-07,234.0,236.14999389648438,231.1999969482422,235.0500030517578,222.224853515625,107389
2021-07-08,236.5,240.5,235.25,239.85000610351562,226.76295471191406,145182
2021-07-09,240.0,242.75,237.6999969482422,241.0,227.85020446777344,186618
2021-07-12,243.89999389648438,243.89999389648438,238.5,239.14999389648438,226.10113525390625,322090
2021-07-13,241.64999389648438,242.0,238.39999389648438,239.25,226.19569396972656,65116
2021-07-14,238.0500030517578,238.0500030517578,235.39999389648438,236.6999969482422,223.78482055664062,132956
2021-07-15,236.10000610351562,236.5,234.0500030517578,234.5,221.70486450195312,70003
2021-07-16,235.0,244.35000610351562,233.6999969482422,240.6999969482422,227.5665740966797,497937
2021-07-19,239.6999969482422,241.5500030517578,218.10000610351562,230.10000610351562,217.54495239257812,551195
2021-07-20,230.10000610351562,231.0,224.0,224.60000610351562,212.3450469970703,190518
2021-07-22,227.14999389648438,234.0,225.39999389648438,231.3000030517578,218.67947387695312,262014
2021-07-23,232.10000610351562,233.5500030517578,215.5500030517578,220.60000610351562,208.5633087158203,312602
2021-07-26,221.0,226.5,220.25,223.89999389648438,211.6832275390625,1114688
2021-07-27,225.89999389648438,227.39999389648438,221.39999389648438,223.0,210.8323516845703,852692
2021-07-28,225.4499969482422,234.39999389648438,219.5500030517578,233.14999389648438,220.42852783203125,904576
2021-07-29,234.89999389648438,234.89999389648438,221.0500030517578,221.85000610351562,209.74510192871094,510748
2021-07-30,225.60000610351562,232.0,221.60000610351562,222.14999389648438,210.02871704101562,397886
2021-08-02,225.89999389648438,225.89999389648438,220.25,223.3000030517578,211.11598205566406,1029443
2021-08-03,225.0,225.0,220.25,222.25,210.12327575683594,176620
2021-08-04,222.0,225.85000610351562,205.3000030517578,207.3000030517578,195.98899841308594,650017
2021-08-05,202.39999389648438,215.89999389648438,194.25,214.64999389648438,202.9379425048828,1293332
2021-08-06,215.9499969482422,216.85000610351562,211.60000610351562,213.10000610351562,201.4725341796875,330966
2021-08-09,213.9499969482422,215.85000610351562,209.5,210.4499969482422,198.9671173095703,277278
2021-08-10,212.9499969482422,217.0,208.4499969482422,211.0500030517578,199.5343780517578,245686
2021-08-11,210.9499969482422,214.0,209.1999969482422,212.9499969482422,201.33070373535156,571650
2021-08-12,213.0,215.35000610351562,212.4499969482422,214.1999969482422,202.5124969482422,182676
2021-08-13,215.89999389648438,216.5,212.5,213.1999969482422,201.5670623779297,99964
2021-08-16,210.5,215.0500030517578,210.5,214.4499969482422,202.7488555908203,89142
2021-08-17,213.5,215.35000610351562,210.4499969482422,214.5500030517578,202.84341430664062,62580
2021-08-18,215.0,224.1999969482422,215.0,218.64999389648438,206.71969604492188,150833
2021-08-20,218.64999389648438,223.8000030517578,215.64999389648438,218.9499969482422,207.00332641601562,259358
2021-08-23,222.0,222.4499969482422,213.0,217.10000610351562,205.2542724609375,532060
2021-08-24,218.0500030517578,222.4499969482422,217.60000610351562,221.75,209.6505584716797,78349
2021-08-25,222.0,223.10000610351562,218.89999389648438,220.39999389648438,208.37420654296875,51550
2021-08-26,220.0,220.10000610351562,214.25,215.1999969482422,203.45794677734375,70047
2021-08-27,217.89999389648438,218.3000030517578,214.4499969482422,216.3000030517578,204.4979248046875,111833
2021-08-30,217.85000610351562,219.5,215.14999389648438,216.60000610351562,204.78155517578125,111932
2021-08-31,216.0,217.85000610351562,214.10000610351562,215.14999389648438,203.41065979003906,114232
2021-09-01,215.25,220.8000030517578,215.25,216.35000610351562,204.54519653320312,91177
2021-09-02,217.4499969482422,222.5500030517578,216.75,220.3000030517578,208.27967834472656,131957
2021-09-03,221.5,230.5,220.0500030517578,225.85000610351562,213.52684020996094,431139
2021-09-06,225.9499969482422,225.9499969482422,222.10000610351562,223.89999389648438,211.6832275390625,689145
2021-09-07,223.25,244.0,222.9499969482422,241.39999389648438,228.22837829589844,1459516
2021-09-08,243.8000030517578,248.25,231.39999389648438,235.8000030517578,222.93394470214844,1478411
2021-09-09,234.14999389648438,243.5,232.1999969482422,242.5,229.2683563232422,385245
2021-09-13,240.64999389648438,241.35000610351562,235.9499969482422,238.85000610351562,225.81752014160156,190092
2021-09-14,238.8000030517578,249.6999969482422,238.0,246.39999389648438,232.95555114746094,547900
2021-09-15,245.25,255.75,238.35000610351562,243.9499969482422,230.6392364501953,973925
2021-09-16,255.25,279.3500061035156,250.8000030517578,269.54998779296875,254.8424072265625,1769705
2021-09-17,268.8999938964844,274.8500061035156,262.75,268.5,253.84971618652344,724115
2021-09-20,268.5,274.20001220703125,262.0,262.54998779296875,248.22434997558594,295791
2021-09-21,268.8999938964844,274.5,263.8500061035156,270.54998779296875,255.787841796875,472472
2021-09-22,272.5,275.5,269.79998779296875,273.45001220703125,258.5296325683594,769667
2021-09-23,273.70001220703125,288.29998779296875,272.29998779296875,279.04998779296875,263.8240661621094,1246839
2021-09-24,280.3500061035156,324.0,278.25,317.6000061035156,300.2706604003906,2291873
2021-09-27,317.6000061035156,326.79998779296875,310.1000061035156,313.79998779296875,296.677978515625,747502
2021-09-28,315.0,332.6000061035156,313.0,319.95001220703125,302.492431640625,911001
2021-09-29,315.29998779296875,327.20001220703125,312.5,318.29998779296875,300.93243408203125,446867
2021-09-30,318.8999938964844,324.45001220703125,304.3999938964844,308.70001220703125,291.85626220703125,604630
2021-10-01,309.20001220703125,317.29998779296875,302.6000061035156,315.45001220703125,298.23797607421875,777074
2021-10-04,317.0,317.0,302.20001220703125,304.1499938964844,287.55450439453125,570992
2021-10-05,305.70001220703125,312.0,303.29998779296875,310.3999938964844,293.4635009765625,333555
2021-10-06,309.8500061035156,316.1000061035156,308.6499938964844,313.1000061035156,296.01617431640625,335572
2021-10-07,318.0,326.1000061035156,300.0,307.20001220703125,290.4381103515625,589568
2021-10-08,307.8999938964844,311.70001220703125,300.1000061035156,305.04998779296875,288.4053955078125,471773
2021-10-11,307.0,307.54998779296875,293.0,303.3999938964844,286.8454284667969,1063328
2021-10-12,306.95001220703125,306.95001220703125,293.25,298.6499938964844,282.3546142578125,274384
2021-10-13,298.6499938964844,303.54998779296875,296.95001220703125,298.54998779296875,282.26007080078125,146254
2021-10-14,297.04998779296875,310.95001220703125,297.04998779296875,305.95001220703125,289.2563171386719,307716
2021-10-18,305.95001220703125,307.25,299.1000061035156,301.1499938964844,284.71820068359375,116518
2021-10-19,302.29998779296875,305.3500061035156,293.54998779296875,295.04998779296875,278.9510498046875,193137
2021-10-20,293.25,313.3999938964844,290.6000061035156,303.04998779296875,286.5145263671875,1397722
2021-10-21,306.0,306.5,293.6499938964844,295.6499938964844,279.518310546875,247348
2021-10-22,291.0,305.70001220703125,290.95001220703125,302.54998779296875,286.04180908203125,229256
2021-10-25,300.0,302.5,286.04998779296875,288.6499938964844,272.9002380371094,428303
2021-10-26,294.0,303.54998779296875,278.0,281.29998779296875,265.9512939453125,606809
2021-10-27,282.70001220703125,284.54998779296875,270.5,274.95001220703125,259.9477844238281,278739
2021-10-28,276.79998779296875,276.79998779296875,263.0,272.95001220703125,258.0569152832031,194986
2021-10-29,272.8500061035156,280.25,267.0,271.75,256.9223937988281,219767
2021-11-01,272.04998779296875,286.54998779296875,272.04998779296875,284.8500061035156,269.3076171875,314122
2021-11-02,287.8500061035156,287.8500061035156,282.5,285.45001220703125,269.8748779296875,74433
2021-11-03,287.8999938964844,292.79998779296875,283.45001220703125,287.54998779296875,271.8602600097656,234646
2021-11-04,288.0,290.25,285.3500061035156,287.5,271.8130187988281,21264
2021-11-08,293.3999938964844,295.6000061035156,287.3999938964844,290.29998779296875,274.460205078125,160241
2021-11-09,291.04998779296875,295.3999938964844,286.25,290.79998779296875,274.93292236328125,94739
2021-11-10,289.0,298.6499938964844,289.0,293.3999938964844,277.3910827636719,176524
2021-11-11,296.95001220703125,296.95001220703125,288.20001220703125,291.0,275.1220397949219,77786
2021-11-12,290.6499938964844,296.6499938964844,290.6499938964844,293.1000061035156,277.1074523925781,81321
2021-11-15,293.20001220703125,295.6000061035156,288.3500061035156,290.5,274.6493225097656,70620
2021-11-16,288.95001220703125,298.25,288.95001220703125,295.79998779296875,279.6601257324219,73431
2021-11-17,294.04998779296875,296.3999938964844,284.25,288.8999938964844,273.1365966796875,130091
2021-11-18,288.0,290.70001220703125,281.95001220703125,284.3999938964844,268.88214111328125,116620
2021-11-22,293.1000061035156,305.54998779296875,280.0,292.0,276.0674743652344,304353
2021-11-23,292.0,296.8999938964844,285.5,293.8999938964844,277.8638000488281,177984
2021-11-24,296.0,301.54998779296875,286.3999938964844,289.04998779296875,273.2784118652344,234369
2021-11-25,287.04998779296875,297.79998779296875,281.0,296.6499938964844,280.4637451171875,277127
2021-11-26,294.04998779296875,294.04998779296875,277.5,278.6499938964844,263.4458923339844,174830
2021-11-29,282.5,286.25,269.8999938964844,281.70001220703125,266.3294982910156,273231
2021-11-30,278.29998779296875,286.1499938964844,278.29998779296875,284.29998779296875,268.78759765625,139987
2021-12-01,281.04998779296875,287.5,274.45001220703125,283.95001220703125,268.45672607421875,185353
2021-12-02,285.8999938964844,289.20001220703125,277.04998779296875,278.8999938964844,263.6822509765625,186712
2021-12-03,279.79998779296875,284.29998779296875,275.54998779296875,280.6499938964844,265.3367614746094,239868
2021-12-06,283.0,283.0,266.20001220703125,269.3500061035156,254.65333557128906,182288
2021-12-07,270.0,272.54998779296875,265.0,269.1000061035156,254.41697692871094,125701
2021-12-08,274.0,276.5,271.79998779296875,273.0,258.10418701171875,81167
2021-12-09,272.29998779296875,281.3999938964844,268.0,274.95001220703125,259.9477844238281,282533
2021-12-10,276.0,276.8999938964844,272.1000061035156,273.29998779296875,258.3877868652344,89807
2021-12-13,276.95001220703125,276.95001220703125,268.1000061035156,269.70001220703125,254.9842529296875,119269
2021-12-14,272.8999938964844,272.8999938964844,265.3999938964844,266.1000061035156,251.58067321777344,70278
2021-12-15,266.5,269.8999938964844,264.1000061035156,265.3999938964844,250.91885375976562,296261
2021-12-16,267.0,268.04998779296875,263.6000061035156,264.75,250.3043212890625,138020
2021-12-17,265.5,265.5,251.0500030517578,252.3000030517578,238.5336456298828,187230
2021-12-20,251.0,251.0,236.10000610351562,237.85000610351562,224.87208557128906,283424
2021-12-21,238.0,254.14999389648438,238.0,252.5500030517578,238.77000427246094,342264
2021-12-22,252.0,257.1000061035156,249.0500030517578,253.6999969482422,239.8572540283203,119116
2021-12-23,256.79998779296875,256.79998779296875,250.5,253.3000030517578,239.4790802001953,43978
2021-12-24,255.39999389648438,255.39999389648438,248.25,249.60000610351562,235.98097229003906,81271
2021-12-27,248.9499969482422,249.5,245.8000030517578,247.89999389648438,234.37371826171875,59886
2021-12-28,248.1999969482422,249.3000030517578,246.3000030517578,247.64999389648438,234.13735961914062,51966
2021-12-29,248.0,248.0,243.8000030517578,244.8000030517578,231.44287109375,83330
2021-12-30,246.5,246.5,239.39999389648438,240.39999389648438,227.28294372558594,82077
2021-12-31,241.75,249.6999969482422,241.75,248.0500030517578,234.51553344726562,115891
2022-01-03,249.75,249.75,246.5,248.85000610351562,235.27188110351562,62100
2022-01-04,249.0,257.3500061035156,244.64999389648438,254.9499969482422,241.03904724121094,162728
2022-01-05,256.79998779296875,259.04998779296875,251.89999389648438,256.1499938964844,242.17356872558594,134741
2022-01-06,254.5,263.0,253.6999969482422,261.8500061035156,247.56256103515625,153506
2022-01-07,265.8500061035156,265.8500061035156,258.29998779296875,261.1000061035156,246.85348510742188,56267
2022-01-10,262.8500061035156,263.54998779296875,259.95001220703125,261.20001220703125,246.94802856445312,64376
2022-01-11,261.29998779296875,269.3999938964844,253.6999969482422,267.6499938964844,253.04608154296875,373728
2022-01-12,268.0,277.95001220703125,268.0,275.70001220703125,260.6568603515625,253001
2022-01-13,278.0,278.1000061035156,274.20001220703125,276.1000061035156,261.0350341796875,95295
2022-01-14,275.5,276.5,271.3500061035156,272.1000061035156,257.2532958984375,126581
2022-01-17,273.3999938964844,273.70001220703125,270.29998779296875,271.45001220703125,256.6387634277344,138697
2022-01-18,273.79998779296875,275.0,260.5,261.79998779296875,247.51527404785156,93921
2022-01-19,265.20001220703125,271.70001220703125,262.3999938964844,270.6499938964844,255.8824005126953,161789
2022-01-20,270.20001220703125,271.3999938964844,265.70001220703125,266.70001220703125,252.14793395996094,58143
2022-01-21,267.20001220703125,270.5,257.45001220703125,258.75,244.63169860839844,229850
2022-01-24,254.9499969482422,258.75,246.64999389648438,248.5500030517578,234.98825073242188,249980
2022-01-25,243.5500030517578,256.0,243.3000030517578,253.5500030517578,239.71543884277344,458744
2022-01-27,255.0,255.0,245.0,249.5,235.88641357421875,246594
2022-01-28,255.89999389648438,262.04998779296875,251.14999389648438,252.64999389648438,238.86453247070312,565943
2022-01-31,259.95001220703125,259.95001220703125,251.64999389648438,252.64999389648438,238.86453247070312,370383
2022-02-01,254.14999389648438,258.54998779296875,252.5500030517578,256.79998779296875,242.7880859375,137300
2022-02-02,257.1499938964844,261.29998779296875,257.1499938964844,259.6499938964844,245.4825897216797,73531
2022-02-03,263.0,263.0,255.60000610351562,257.25,243.2135467529297,61551
2022-02-04,264.0,264.0,254.39999389648438,255.0500030517578,241.1335906982422,397897
2022-02-07,255.1999969482422,258.1499938964844,250.64999389648438,252.9499969482422,239.14816284179688,426729
2022-02-08,252.5,255.14999389648438,250.5500030517578,252.64999389648438,238.86453247070312,71239
2022-02-09,255.0,255.5500030517578,250.39999389648438,251.75,238.01364135742188,59989
2022-02-10,252.0,253.8000030517578,250.75,252.89999389648438,239.10089111328125,56697
2022-02-11,251.0500030517578,254.75,249.25,252.6999969482422,238.91180419921875,88720
2022-02-15,246.3000030517578,257.29998779296875,246.3000030517578,256.6000061035156,242.59901428222656,141622
2022-02-16,260.1499938964844,268.8999938964844,254.85000610351562,259.0,244.86805725097656,239964
2022-02-17,261.8999938964844,262.70001220703125,254.8000030517578,256.54998779296875,242.55172729492188,70860
2022-02-18,254.0,256.54998779296875,251.8000030517578,252.85000610351562,239.0536346435547,86133
2022-02-21,253.6999969482422,254.35000610351562,249.3000030517578,251.25,237.54092407226562,83421
2022-02-22,249.0,254.25,244.0,252.10000610351562,238.3445587158203,117697
2022-02-23,255.25,255.25,247.60000610351562,251.1999969482422,237.49365234375,97922
2022-02-24,231.0,238.14999389648438,203.4499969482422,205.75,194.52357482910156,3213298
2022-02-25,214.0,223.0,212.25,214.1999969482422,202.5124969482422,720331
2022-02-28,216.89999389648438,218.1999969482422,209.25,215.1999969482422,203.45794677734375,389681
2022-03-02,214.0,215.89999389648438,206.39999389648438,207.10000610351562,195.79991149902344,933104
2022-03-03,208.10000610351562,213.14999389648438,207.75,211.89999389648438,200.33799743652344,246490
2022-03-04,209.39999389648438,214.85000610351562,206.89999389648438,207.85000610351562,196.5089874267578,264320
2022-03-07,205.0,206.1999969482422,196.9499969482422,199.0,188.14187622070312,350529
2022-03-08,199.1999969482422,205.5,197.8000030517578,204.0,192.86904907226562,312658
2022-03-09,206.14999389648438,214.10000610351562,202.8000030517578,212.35000610351562,200.76345825195312,256719
2022-03-10,217.0500030517578,217.3000030517578,211.0500030517578,212.1999969482422,200.6216278076172,232341
2022-03-11,214.3000030517578,214.8000030517578,211.60000610351562,214.0500030517578,202.37069702148438,72343
2022-03-14,215.0,215.89999389648438,211.35000610351562,214.10000610351562,202.41796875,87723
2022-03-15,216.9499969482422,216.9499969482422,208.35000610351562,209.5,198.06895446777344,81711
2022-03-16,213.8000030517578,216.0,211.85000610351562,214.35000610351562,202.65432739257812,90002
2022-03-17,216.25,218.3000030517578,213.60000610351562,214.60000610351562,202.89068603515625,105335
2022-03-21,216.0,222.5500030517578,209.0500030517578,210.0500030517578,198.5889434814453,178955
2022-03-22,210.0,213.0,208.85000610351562,211.85000610351562,200.29074096679688,116026
2022-03-23,211.85000610351562,215.60000610351562,211.85000610351562,213.9499969482422,202.27613830566406,145614
2022-03-24,213.5,215.9499969482422,212.1999969482422,213.75,202.08706665039062,134975
2022-03-25,214.0,215.10000610351562,196.5500030517578,203.25,192.15997314453125,402438
2022-03-28,202.1999969482422,212.89999389648438,199.25,209.75,198.30531311035156,862387
2022-03-29,210.0,216.5,199.6999969482422,215.0500030517578,203.31613159179688,711828
2022-03-30,217.10000610351562,222.5500030517578,212.85000610351562,221.25,209.17784118652344,233777
2022-03-31,223.0,226.4499969482422,219.25,222.0,209.8869171142578,293106
2022-04-01,223.5,223.89999389648438,218.75,221.25,209.17784118652344,99810
2022-04-04,221.0,223.75,219.10000610351562,220.75,208.70510864257812,201510
2022-04-05,218.1999969482422,223.39999389648438,218.1999969482422,220.5,208.46875,143018
2022-04-06,220.0,222.35000610351562,216.75,217.10000610351562,205.2542724609375,188021
2022-04-07,217.0,220.25,215.60000610351562,218.5500030517578,206.62515258789062,180913
2022-04-08,221.0,223.39999389648438,219.0,219.8000030517578,207.8069610595703,261521
2022-04-11,220.0,221.1999969482422,217.9499969482422,218.5,206.577880859375,163286
2022-04-12,216.5500030517578,220.0,215.35000610351562,217.39999389648438,205.53790283203125,153586
2022-04-13,217.0,219.39999389648438,216.25,216.85000610351562,205.01791381835938,92327
2022-04-18,214.60000610351562,217.8000030517578,212.64999389648438,216.64999389648438,204.82882690429688,130212
2022-04-19,216.64999389648438,220.1999969482422,211.64999389648438,213.60000610351562,201.94525146484375,48488
2022-04-20,215.89999389648438,217.5,212.85000610351562,216.9499969482422,205.11245727539062,42119
2022-04-21,217.14999389648438,217.64999389648438,215.8000030517578,216.3000030517578,204.4979248046875,36759
2022-04-22,216.9499969482422,218.14999389648438,214.5500030517578,215.0,203.26885986328125,36485
2022-04-25,214.89999389648438,215.60000610351562,210.25,211.3000030517578,199.77073669433594,67549
2022-04-26,210.89999389648438,213.89999389648438,210.6999969482422,212.85000610351562,201.23617553710938,79077
2022-04-27,211.0,213.85000610351562,205.8000030517578,207.3000030517578,195.98899841308594,98064
2022-04-28,210.0,211.0,206.1999969482422,210.4499969482422,198.9671173095703,64112
2022-04-29,213.5,215.1999969482422,208.4499969482422,209.10000610351562,197.69078063964844,149506
2022-05-04,205.10000610351562,208.4499969482422,199.6999969482422,200.39999389648438,189.46546936035156,907382
2022-05-05,201.25,205.3000030517578,200.5500030517578,202.14999389648438,191.1199951171875,540056
2022-05-06,199.60000610351562,204.10000610351562,193.4499969482422,199.14999389648438,188.28367614746094,599295
2022-05-09,198.89999389648438,207.4499969482422,193.75,206.10000610351562,194.85447692871094,1040371
2022-05-10,207.3000030517578,209.0,204.1999969482422,208.0,196.6508026123047,245437
2022-05-11,207.60000610351562,211.35000610351562,206.5500030517578,208.35000610351562,196.98170471191406,197088
2022-05-12,207.8000030517578,208.25,199.60000610351562,201.60000610351562,190.60000610351562,254996
2022-05-13,196.60000610351562,198.5500030517578,181.6999969482422,182.9499969482422,182.9499969482422,471523
2022-05-16,185.5,191.10000610351562,181.14999389648438,190.35000610351562,190.35000610351562,227824
2022-05-17,191.75,198.1999969482422,189.6999969482422,197.75,197.75,95073
2022-05-18,199.89999389648438,203.4499969482422,198.0500030517578,200.75,200.75,199517
2022-05-19,198.85000610351562,201.0,193.10000610351562,193.8000030517578,193.8000030517578,93940
2022-05-20,198.0,202.5,196.25,201.75,201.75,124216
2022-05-23,203.75,203.75,198.75,199.1999969482422,199.1999969482422,79726
2022-05-24,196.0500030517578,201.89999389648438,196.0500030517578,199.1999969482422,199.1999969482422,86435
2022-05-25,199.14999389648438,201.10000610351562,198.5500030517578,199.85000610351562,199.85000610351562,72857
2022-05-26,200.9499969482422,204.0,197.60000610351562,203.1999969482422,203.1999969482422,139648
2022-05-27,204.1999969482422,207.9499969482422,199.4499969482422,200.3000030517578,200.3000030517578,345805
2022-05-30,204.89999389648438,204.89999389648438,200.14999389648438,200.39999389648438,200.39999389648438,46589
2022-05-31,203.39999389648438,203.39999389648438,199.8000030517578,201.60000610351562,201.60000610351562,150750
2022-06-01,202.85000610351562,205.60000610351562,200.0500030517578,201.0500030517578,201.0500030517578,265583
2022-06-02,202.9499969482422,202.9499969482422,199.35000610351562,201.89999389648438,201.89999389648438,173216
2022-06-03,204.5500030517578,204.5500030517578,199.75,201.5500030517578,201.5500030517578,310571
2022-06-06,201.5500030517578,202.1999969482422,195.1999969482422,201.0500030517578,201.0500030517578,68524
2022-06-07,201.3000030517578,206.6999969482422,198.64999389648438,206.0,206.0,97036
2022-06-08,205.9499969482422,207.39999389648438,202.64999389648438,205.3000030517578,205.3000030517578,84946
2022-06-09,203.0500030517578,207.8000030517578,202.0500030517578,207.39999389648438,207.39999389648438,94020
2022-06-10,207.8000030517578,207.8000030517578,202.35000610351562,207.10000610351562,207.10000610351562,93431
2022-06-13,201.89999389648438,204.4499969482422,200.0,202.89999389648438,202.89999389648438,129054
2022-06-14,202.89999389648438,206.1999969482422,200.75,201.3000030517578,201.3000030517578,103803
2022-06-15,205.0,207.1999969482422,197.85000610351562,206.39999389648438,206.39999389648438,87438
2022-06-16,208.3000030517578,208.3000030517578,204.10000610351562,206.5500030517578,206.5500030517578,173189
2022-06-17,206.5500030517578,211.35000610351562,203.64999389648438,208.25,208.25,286729
2022-06-20,209.0,212.60000610351562,206.25,208.5500030517578,208.5500030517578,220918
2022-06-21,210.5,212.3000030517578,207.8000030517578,208.25,208.25,89944
2022-06-22,209.0,210.5,205.9499969482422,208.3000030517578,208.3000030517578,95255
2022-06-23,208.0,212.85000610351562,207.4499969482422,211.5,211.5,70200
2022-06-24,212.35000610351562,220.60000610351562,210.14999389648438,216.14999389648438,216.14999389648438,259024
2022-06-27,217.9499969482422,218.75,211.0500030517578,211.85000610351562,211.85000610351562,146003
2022-06-28,210.0,212.5500030517578,206.5500030517578,207.64999389648438,207.64999389648438,102681
2022-06-29,207.5,209.0500030517578,201.75,203.0,203.0,84096
2022-06-30,205.5500030517578,210.8000030517578,205.5500030517578,209.1999969482422,209.1999969482422,436960
2022-07-01,212.0,212.0,204.4499969482422,207.89999389648438,207.89999389648438,123820
2022-07-04,205.25,210.85000610351562,205.25,209.9499969482422,209.9499969482422,39655
2022-07-05,208.0500030517578,212.1999969482422,207.14999389648438,208.1999969482422,208.1999969482422,33791
2022-07-06,208.0,213.14999389648438,208.0,212.75,212.75,83966
2022-07-07,212.75,214.39999389648438,210.14999389648438,211.10000610351562,211.10000610351562,33074
2022-07-08,210.0500030517578,212.1999969482422,207.75,209.5,209.5,74047
2022-07-11,208.6999969482422,218.0,208.6999969482422,213.35000610351562,213.35000610351562,174161
2022-07-12,212.0500030517578,224.4499969482422,212.0500030517578,221.64999389648438,221.64999389648438,498818
2022-07-13,223.85000610351562,225.5,220.10000610351562,222.64999389648438,222.64999389648438,173150
2022-07-14,223.8000030517578,226.3000030517578,221.75,225.4499969482422,225.4499969482422,167389
2022-07-15,224.14999389648438,230.3000030517578,224.14999389648438,229.1999969482422,229.1999969482422,113710
2022-07-18,230.4499969482422,230.75,224.14999389648438,226.4499969482422,226.4499969482422,930654
2022-07-19,224.0,224.0,217.5500030517578,221.39999389648438,221.39999389648438,258133
2022-07-20,224.9499969482422,224.9499969482422,220.0,222.25,222.25,90919
2022-07-21,223.6999969482422,226.0,222.10000610351562,224.4499969482422,224.4499969482422,136464
2022-07-22,226.0,226.0,221.64999389648438,223.25,223.25,65645
2022-07-25,225.5500030517578,226.3000030517578,221.0,222.64999389648438,222.64999389648438,77986
2022-07-26,221.89999389648438,223.1999969482422,219.39999389648438,222.25,222.25,38250
2022-07-27,220.0,224.9499969482422,220.0,222.9499969482422,222.9499969482422,85232
2022-07-28,223.0,224.35000610351562,221.5500030517578,223.0500030517578,223.0500030517578,85829
2022-07-29,223.0500030517578,224.10000610351562,220.5,222.5,222.5,119743
2022-08-01,225.8000030517578,229.75,223.25,227.75,227.75,880815
2022-08-02,230.0,230.0,218.35000610351562,219.25,219.25,272403
2022-08-03,212.5500030517578,213.89999389648438,201.3000030517578,206.35000610351562,206.35000610351562,635485
2022-08-04,207.0500030517578,208.0,202.0500030517578,203.3000030517578,203.3000030517578,201269
2022-08-05,205.0,205.0,199.8000030517578,200.25,200.25,256267
2022-08-08,200.25,201.60000610351562,198.10000610351562,199.64999389648438,199.64999389648438,187025
2022-08-10,199.64999389648438,200.3000030517578,192.85000610351562,193.85000610351562,193.85000610351562,177935
2022-08-11,194.14999389648438,196.85000610351562,192.3000030517578,195.1999969482422,195.1999969482422,181751
2022-08-12,197.89999389648438,199.64999389648438,196.0,196.4499969482422,196.4499969482422,184088
2022-08-16,198.9499969482422,198.9499969482422,194.8000030517578,195.8000030517578,195.8000030517578,118058
2022-08-17,197.75,200.6999969482422,195.0500030517578,199.5,199.5,292860
2022-08-18,200.9499969482422,200.9499969482422,197.10000610351562,199.14999389648438,199.14999389648438,86563
2022-08-19,200.0500030517578,202.5,196.0500030517578,196.75,196.75,250721
2022-08-22,196.0,197.89999389648438,194.0,195.8000030517578,195.8000030517578,279000
2022-08-23,194.25,200.5,194.25,199.10000610351562,199.10000610351562,85741
2022-08-24,199.5,200.60000610351562,196.85000610351562,197.60000610351562,197.60000610351562,120440
2022-08-25,197.75,199.9499969482422,197.39999389648438,198.6999969482422,198.6999969482422,64602
2022-08-26,199.14999389648438,201.9499969482422,199.14999389648438,200.6999969482422,200.6999969482422,207625
2022-08-29,199.5,199.60000610351562,196.8000030517578,198.0,198.0,62854
2022-08-30,198.35000610351562,200.89999389648438,198.3000030517578,199.8000030517578,199.8000030517578,129757
2022-09-01,196.25,201.60000610351562,195.1999969482422,199.60000610351562,199.60000610351562,156321
2022-09-02,197.3000030517578,200.4499969482422,197.3000030517578,199.3000030517578,199.3000030517578,42575
2022-09-05,201.14999389648438,201.14999389648438,198.25,199.5500030517578,199.5500030517578,75146
2022-09-06,199.6999969482422,201.39999389648438,199.10000610351562,200.64999389648438,200.64999389648438,63946
2022-09-07,201.0,204.5,199.5,203.0500030517578,203.0500030517578,90304
2022-09-08,202.14999389648438,204.0500030517578,201.60000610351562,203.14999389648438,203.14999389648438,110153
2022-09-09,203.0500030517578,206.25,202.89999389648438,203.64999389648438,203.64999389648438,172334
2022-09-12,202.6999969482422,206.75,202.6999969482422,205.10000610351562,205.10000610351562,55326
2022-09-13,204.0,205.9499969482422,200.8000030517578,203.39999389648438,203.39999389648438,145805
2022-09-14,201.9499969482422,205.1999969482422,199.64999389648438,203.9499969482422,203.9499969482422,84774
2022-09-15,204.14999389648438,207.89999389648438,203.39999389648438,203.8000030517578,203.8000030517578,227091
2022-09-16,204.0,207.3000030517578,201.3000030517578,204.1999969482422,204.1999969482422,303971
2022-09-19,205.0,205.0500030517578,197.1999969482422,198.0500030517578,198.0500030517578,1426282
2022-09-20,198.1999969482422,202.9499969482422,198.1999969482422,199.60000610351562,199.60000610351562,96872
2022-09-21,199.60000610351562,201.39999389648438,197.0,197.3000030517578,197.3000030517578,35068
2022-09-22,195.64999389648438,197.5500030517578,194.4499969482422,195.35000610351562,195.35000610351562,80513
2022-09-23,195.60000610351562,196.1999969482422,192.89999389648438,193.10000610351562,193.10000610351562,81318
2022-09-26,192.3000030517578,192.3000030517578,185.39999389648438,186.10000610351562,186.10000610351562,180645
2022-09-27,188.9499969482422,192.9499969482422,187.5,189.0500030517578,189.0500030517578,109262
2022-09-28,189.10000610351562,189.10000610351562,182.5500030517578,183.5,183.5,157542
2022-09-29,184.0,188.64999389648438,184.0,185.9499969482422,185.9499969482422,112105
2022-09-30,185.0,199.10000610351562,185.0,197.39999389648438,197.39999389648438,255784
2022-10-03,199.0,202.39999389648438,196.0,197.1999969482422,197.1999969482422,582201
2022-10-04,199.0500030517578,203.1999969482422,199.0500030517578,201.3000030517578,201.3000030517578,72892
2022-10-06,201.39999389648438,203.5,200.14999389648438,200.9499969482422,200.9499969482422,48851
2022-10-07,200.0500030517578,201.6999969482422,197.85000610351562,200.14999389648438,200.14999389648438,60967
2022-10-10,197.1999969482422,200.0,196.0,197.1999969482422,197.1999969482422,50216
2022-10-11,196.64999389648438,197.5500030517578,189.3000030517578,190.39999389648438,190.39999389648438,832153
2022-10-12,190.5500030517578,192.4499969482422,189.39999389648438,191.64999389648438,191.64999389648438,56116
2022-10-13,191.75,193.0,187.5500030517578,188.4499969482422,188.4499969482422,86203
2022-10-14,191.0,193.75,188.6999969482422,189.10000610351562,189.10000610351562,41782
2022-10-17,189.1999969482422,190.1999969482422,187.85000610351562,188.5,188.5,40568
2022-10-18,188.5500030517578,190.85000610351562,188.0,189.8000030517578,189.8000030517578,29631
2022-10-19,189.4499969482422,195.0,189.35000610351562,191.10000610351562,191.10000610351562,161640
2022-10-20,190.14999389648438,195.0,190.0500030517578,194.0,194.0,82465
2022-10-21,192.1999969482422,195.89999389648438,192.1999969482422,194.39999389648438,194.39999389648438,90089
2022-10-24,194.60000610351562,196.39999389648438,193.0,194.35000610351562,194.35000610351562,9845
2022-10-25,193.3000030517578,194.8000030517578,186.5500030517578,187.14999389648438,187.14999389648438,1630868
2022-10-27,188.0500030517578,191.75,187.25,191.0,191.0,192841
2022-10-28,190.0,190.0,185.25,187.39999389648438,187.39999389648438,200831
2022-10-31,186.39999389648438,189.14999389648438,184.75,185.60000610351562,185.60000610351562,80245
2022-11-01,185.0,188.5500030517578,185.0,186.5,186.5,147529
2022-11-02,185.8000030517578,186.5,184.0,184.85000610351562,184.85000610351562,89162
2022-11-03,184.4499969482422,189.4499969482422,184.39999389648438,187.8000030517578,187.8000030517578,75527
2022-11-04,187.0500030517578,190.5,187.0500030517578,188.85000610351562,188.85000610351562,143982
2022-11-07,189.3000030517578,191.89999389648438,189.3000030517578,191.5500030517578,191.5500030517578,101956
2022-11-09,191.39999389648438,193.60000610351562,191.1999969482422,192.8000030517578,192.8000030517578,51569
2022-11-10,190.60000610351562,195.35000610351562,185.85000610351562,186.39999389648438,186.39999389648438,76665
2022-11-11,189.0,192.0,187.5,191.4499969482422,191.4499969482422,69672
2022-11-14,191.5500030517578,194.4499969482422,191.5,194.0500030517578,194.0500030517578,45684
2022-11-15,192.35000610351562,195.64999389648438,192.35000610351562,194.85000610351562,194.85000610351562,94757
2022-11-16,192.39999389648438,195.10000610351562,191.60000610351562,193.1999969482422,193.1999969482422,48816
2022-11-17,194.0,197.25,192.5,196.5500030517578,196.5500030517578,129815
2022-11-18,196.8000030517578,199.25,195.14999389648438,196.8000030517578,196.8000030517578,106568
2022-11-21,194.60000610351562,202.5,194.60000610351562,201.6999969482422,201.6999969482422,113207
2022-11-22,201.75,204.3000030517578,199.14999389648438,201.3000030517578,201.3000030517578,138423
2022-11-23,200.6999969482422,202.5500030517578,199.5,200.6999969482422,200.6999969482422,37314
2022-11-24,200.10000610351562,202.35000610351562,200.10000610351562,201.64999389648438,201.64999389648438,44040
2022-11-25,200.3000030517578,203.64999389648438,198.85000610351562,203.25,203.25,108995
2022-11-28,202.0500030517578,205.89999389648438,202.0500030517578,203.39999389648438,203.39999389648438,110481
2022-11-29,203.6999969482422,203.6999969482422,199.10000610351562,199.39999389648438,199.39999389648438,87252
2022-11-30,200.4499969482422,203.4499969482422,197.5500030517578,200.5500030517578,200.5500030517578,73215
2022-12-01,200.6999969482422,202.1999969482422,199.14999389648438,201.60000610351562,201.60000610351562,59731
2022-12-02,201.0500030517578,204.1999969482422,201.0500030517578,202.85000610351562,202.85000610351562,59677
2022-12-05,202.35000610351562,203.4499969482422,200.5,201.64999389648438,201.64999389648438,63179
2022-12-06,201.5,202.0,198.0,198.39999389648438,198.39999389648438,84241
2022-12-07,198.64999389648438,199.6999969482422,195.0,195.8000030517578,195.8000030517578,37055
2022-12-08,195.14999389648438,196.25,194.0500030517578,194.5500030517578,194.5500030517578,65344
2022-12-09,194.89999389648438,197.89999389648438,193.60000610351562,194.5500030517578,194.5500030517578,94426
2022-12-12,194.60000610351562,195.3000030517578,192.6999969482422,194.5,194.5,36805
2022-12-13,195.0,195.25,193.14999389648438,194.4499969482422,194.4499969482422,40912
2022-12-14,194.5500030517578,200.5,193.8000030517578,199.8000030517578,199.8000030517578,143884
2022-12-15,199.8000030517578,201.5,198.64999389648438,200.4499969482422,200.4499969482422,131540
2022-12-16,198.60000610351562,202.39999389648438,195.5,196.39999389648438,196.39999389648438,45125
2022-12-19,196.25,198.75,195.25,196.60000610351562,196.60000610351562,59543
2022-12-20,196.0500030517578,196.60000610351562,189.39999389648438,191.8000030517578,191.8000030517578,146047
2022-12-21,191.89999389648438,193.5,189.9499969482422,190.85000610351562,190.85000610351562,53371
2022-12-22,189.8000030517578,192.85000610351562,188.0,192.14999389648438,192.14999389648438,113910
2022-12-23,190.1999969482422,192.60000610351562,188.5,189.4499969482422,189.4499969482422,118594
2022-12-26,186.60000610351562,193.75,186.60000610351562,191.4499969482422,191.4499969482422,33452
2022-12-27,191.0500030517578,195.0,191.0500030517578,194.0,194.0,49711
2022-12-28,194.0500030517578,194.89999389648438,190.5,191.39999389648438,191.39999389648438,63319
2022-12-29,193.9499969482422,193.9499969482422,189.0500030517578,189.8000030517578,189.8000030517578,38226
2022-12-30,191.9499969482422,191.9499969482422,189.75,190.3000030517578,190.3000030517578,67819
2023-01-02,190.4499969482422,191.64999389648438,188.5,189.85000610351562,189.85000610351562,29328
2023-01-03,189.75,190.85000610351562,189.10000610351562,189.64999389648438,189.64999389648438,29673
2023-01-04,189.5,190.3000030517578,185.0,185.25,185.25,64291
2023-01-05,186.9499969482422,187.8000030517578,185.75,186.39999389648438,186.39999389648438,37381
2023-01-06,187.0,188.64999389648438,185.8000030517578,187.25,187.25,36862
2023-01-09,188.0,188.64999389648438,184.64999389648438,185.9499969482422,185.9499969482422,60183
2023-01-10,185.9499969482422,186.4499969482422,182.39999389648438,183.3000030517578,183.3000030517578,78957
2023-01-11,182.85000610351562,184.25,182.0,183.60000610351562,183.60000610351562,101667
2023-01-12,183.6999969482422,185.0,183.1999969482422,184.5,184.5,22187
2023-01-13,185.3000030517578,185.60000610351562,182.89999389648438,184.5500030517578,184.5500030517578,44274
2023-01-16,184.0,185.25,181.5,181.85000610351562,181.85000610351562,56471
2023-01-17,181.5500030517578,182.14999389648438,175.75,176.0,176.0,148771
2023-01-18,175.8000030517578,177.85000610351562,175.0,176.89999389648438,176.89999389648438,120849
2023-01-19,176.9499969482422,178.39999389648438,175.25,176.25,176.25,45040
2023-01-20,176.25,176.89999389648438,170.64999389648438,171.4499969482422,171.4499969482422,86172
2023-01-23,172.0,178.1999969482422,171.5500030517578,172.75,172.75,314804
2023-01-24,174.5500030517578,174.5500030517578,169.0500030517578,170.5,170.5,87770
2023-01-25,162.8000030517578,171.25,155.5,157.9499969482422,157.9499969482422,529094
2023-01-27,157.85000610351562,158.10000610351562,135.1999969482422,137.0500030517578,137.0500030517578,1358286
2023-01-30,136.0500030517578,150.75,136.0500030517578,146.85000610351562,146.85000610351562,955355
2023-01-31,147.60000610351562,158.39999389648438,145.64999389648438,153.5,153.5,720351
2023-02-01,154.10000610351562,155.1999969482422,141.0,144.3000030517578,144.3000030517578,618497
2023-02-02,142.0500030517578,146.8000030517578,140.5,142.5500030517578,142.5500030517578,194818
2023-02-03,142.25,145.25,138.5,143.35000610351562,143.35000610351562,161444
2023-02-06,157.64999389648438,164.8000030517578,154.89999389648438,161.9499969482422,161.9499969482422,1076006
2023-02-07,164.0,164.0,156.5500030517578,160.14999389648438,160.14999389648438,436891
2023-02-08,159.8000030517578,166.1999969482422,158.35000610351562,161.0,161.0,268654
2023-02-09,162.10000610351562,164.4499969482422,158.1999969482422,159.3000030517578,159.3000030517578,435360
2023-02-10,158.64999389648438,168.5,158.64999389648438,168.0500030517578,168.0500030517578,561946
2023-02-13,168.0500030517578,168.64999389648438,162.6999969482422,164.5500030517578,164.5500030517578,331465
2023-02-14,164.10000610351562,168.1999969482422,164.10000610351562,167.5,167.5,165284
2023-02-15,166.5500030517578,170.60000610351562,165.14999389648438,169.8000030517578,169.8000030517578,182643
2023-02-16,168.0500030517578,170.60000610351562,167.0500030517578,169.6999969482422,169.6999969482422,169397
2023-02-17,168.0500030517578,170.0,165.3000030517578,166.85000610351562,166.85000610351562,110225
2023-02-20,166.5,168.6999969482422,163.0,164.25,164.25,160739
2023-02-21,164.5,168.3000030517578,163.39999389648438,163.89999389648438,163.89999389648438,310904
2023-02-22,163.0500030517578,166.60000610351562,162.39999389648438,165.5,165.5,111432
2023-02-23,165.8000030517578,175.89999389648438,162.6999969482422,173.5,173.5,653207
2023-02-24,173.0,173.0500030517578,167.89999389648438,170.60000610351562,170.60000610351562,273764
2023-02-27,168.35000610351562,169.35000610351562,165.0,167.10000610351562,167.10000610351562,125746
2023-02-28,168.10000610351562,174.35000610351562,165.60000610351562,171.64999389648438,171.64999389648438,180223
2023-03-01,169.85000610351562,172.25,166.25,171.25,171.25,186831
2023-03-02,168.4499969482422,172.10000610351562,168.4499969482422,170.35000610351562,170.35000610351562,82844
2023-03-03,170.10000610351562,172.35000610351562,165.39999389648438,166.9499969482422,166.9499969482422,170170
2023-03-06,166.5500030517578,168.85000610351562,164.8000030517578,166.1999969482422,166.1999969482422,70008
2023-03-08,165.0500030517578,167.0,160.0,160.4499969482422,160.4499969482422,156895
2023-03-09,161.0,161.0500030517578,156.25,156.85000610351562,156.85000610351562,159998
2023-03-10,156.10000610351562,157.0500030517578,154.3000030517578,155.25,155.25,154917
2023-03-13,155.0,157.4499969482422,152.5,153.3000030517578,153.3000030517578,68934
2023-03-14,151.14999389648438,154.75,150.5,152.25,152.25,162333
2023-03-15,153.9499969482422,153.9499969482422,147.89999389648438,149.39999389648438,149.39999389648438,148304
2023-03-16,149.0500030517578,154.60000610351562,147.0,153.3000030517578,153.3000030517578,185113
2023-03-17,153.60000610351562,154.14999389648438,149.8000030517578,150.75,150.75,167843
2023-03-20,150.75,153.5,148.14999389648438,152.3000030517578,152.3000030517578,123721
2023-03-21,152.35000610351562,154.1999969482422,151.35000610351562,151.89999389648438,151.89999389648438,76965
2023-03-22,151.60000610351562,153.0,150.1999969482422,150.8000030517578,150.8000030517578,111985
2023-03-23,150.0500030517578,151.89999389648438,149.8000030517578,150.9499969482422,150.9499969482422,110356
2023-03-24,150.0500030517578,153.5500030517578,147.75,148.0500030517578,148.0500030517578,91533
2023-03-27,148.0,151.6999969482422,147.10000610351562,148.35000610351562,148.35000610351562,226756
2023-03-28,150.89999389648438,150.89999389648438,143.5,143.89999389648438,143.89999389648438,163776
2023-03-29,143.10000610351562,146.14999389648438,141.0500030517578,142.14999389648438,142.14999389648438,362204
2023-03-31,142.35000610351562,145.0,142.3000030517578,143.10000610351562,143.10000610351562,95448
2023-04-03,143.60000610351562,144.9499969482422,142.4499969482422,143.64999389648438,143.64999389648438,162859
2023-04-05,143.14999389648438,144.9499969482422,141.35000610351562,143.25,143.25,130728
2023-04-06,142.25,143.25,141.35000610351562,141.6999969482422,141.6999969482422,141091
2023-04-10,141.14999389648438,143.39999389648438,141.14999389648438,142.0,142.0,111292
2023-04-11,142.6999969482422,142.6999969482422,138.5500030517578,139.14999389648438,139.14999389648438,131394
2023-04-12,139.3000030517578,140.0,137.64999389648438,139.5500030517578,139.5500030517578,260605
2023-04-13,139.60000610351562,140.0500030517578,136.5,137.3000030517578,137.3000030517578,263745
2023-04-17,139.4499969482422,139.4499969482422,136.6999969482422,137.1999969482422,137.1999969482422,105192
2023-04-18,136.64999389648438,138.9499969482422,136.5500030517578,136.9499969482422,136.9499969482422,189151
2023-04-19,136.9499969482422,137.8000030517578,136.25,136.89999389648438,136.89999389648438,237303
2023-04-20,136.0500030517578,138.64999389648438,135.8000030517578,137.60000610351562,137.60000610351562,174121
2023-04-21,137.64999389648438,144.64999389648438,137.64999389648438,139.3000030517578,139.3000030517578,799095
2023-04-24,139.35000610351562,140.5,137.5500030517578,138.85000610351562,138.85000610351562,196774
2023-04-25,138.89999389648438,139.6999969482422,136.75,138.0,138.0,305508
2023-04-26,138.9499969482422,143.39999389648438,138.0,143.0,143.0,605361
2023-04-27,144.5,148.5,142.8000030517578,144.75,144.75,1265388
2023-04-28,144.0,160.3000030517578,144.0,154.8000030517578,154.8000030517578,2496757
2023-05-02,157.89999389648438,160.60000610351562,155.75,156.4499969482422,156.4499969482422,492141
2023-05-03,155.0,155.5500030517578,150.64999389648438,151.1999969482422,151.1999969482422,288578
2023-05-04,151.39999389648438,154.60000610351562,151.1999969482422,152.75,152.75,212566
2023-05-05,150.64999389648438,154.14999389648438,150.60000610351562,151.64999389648438,151.64999389648438,171001
2023-05-08,149.60000610351562,151.9499969482422,147.9499969482422,150.89999389648438,150.89999389648438,216516
2023-05-09,152.0,155.1999969482422,151.1999969482422,152.10000610351562,152.10000610351562,369277
2023-05-10,152.5500030517578,153.89999389648438,151.64999389648438,152.89999389648438,152.89999389648438,118524
2023-05-11,151.35000610351562,153.35000610351562,150.5500030517578,151.4499969482422,151.4499969482422,179908
2023-05-12,151.0,151.0,147.89999389648438,148.1999969482422,148.1999969482422,269214
2023-05-15,148.1999969482422,151.5,148.1999969482422,150.35000610351562,150.35000610351562,182524
2023-05-16,149.64999389648438,156.10000610351562,149.64999389648438,154.5500030517578,154.5500030517578,393618
2023-05-17,155.6999969482422,155.89999389648438,150.5,151.4499969482422,151.4499969482422,227781
2023-05-19,147.64999389648438,148.39999389648438,144.60000610351562,144.9499969482422,144.9499969482422,200489
2023-05-22,144.0,145.0,142.0,143.0500030517578,143.0500030517578,216395
2023-05-23,143.0,146.60000610351562,141.64999389648438,145.3000030517578,145.3000030517578,246823
2023-05-24,145.89999389648438,145.89999389648438,142.14999389648438,142.6999969482422,142.6999969482422,248668
2023-05-25,142.25,149.64999389648438,142.1999969482422,147.60000610351562,147.60000610351562,523683
2023-05-26,147.10000610351562,157.5500030517578,147.0,156.64999389648438,156.64999389648438,924115
2023-05-30,155.10000610351562,157.25,153.35000610351562,156.75,156.75,231454
2023-05-31,154.14999389648438,158.1999969482422,152.39999389648438,154.60000610351562,154.60000610351562,1046007
